time,pressure,pressure_reference,platen,platen_reference,edge_ux,edge_ux_reference
0.0,4.7952047952048e-05,4.795204795204795e-05,-4.1824841824842e-06,-4.182484182484183e-06,2.4841824841825e-05,2.484182484182484e-05
0.0002,4.8249535075974e-05,4.827655417259402e-05,-4.2084316705067e-06,-4.210788336165147e-06,2.4582349961598e-05,2.45587833050152e-05
0.0004,4.8389653424909e-05,4.841197965493432e-05,-4.2206531042762e-06,-4.2226004476803805e-06,2.4460135623904e-05,2.444066218986286e-05
0.0006,4.849738381486e-05,4.8516299829944646e-05,-4.2300495882973e-06,-4.231699485167395e-06,2.4366170783693e-05,2.4349671814992722e-05
0.0008,4.8587888294021e-05,4.860451994489338e-05,-4.2379435970548e-06,-4.239394239637918e-06,2.428723075872e-05,2.4272724270287496e-05
0.001,4.8667457055451e-05,4.8682452005427925e-05,-4.244883760878e-06,-4.2461916471401035e-06,2.4217829092124e-05,2.420475019526564e-05
0.0012,4.8739322634965e-05,4.87530766880072e-05,-4.2511520303053e-06,-4.2523516888984066e-06,2.4155146379701e-05,2.4143149777682606e-05
0.0014,4.8805391336834e-05,4.881816460803606e-05,-4.256914693655e-06,-4.258028801923146e-06,2.4097519757979e-05,2.4086378647435217e-05
0.0016,4.8866896067195e-05,4.887886939154627e-05,-4.2622792688041e-06,-4.263323608040426e-06,2.4043873995291e-05,2.403343058626241e-05
0.0018,4.8924687284393e-05,4.893599233066736e-05,-4.2673199489335e-06,-4.268305997730432e-06,2.3993467201684e-05,2.3983606689362353e-05
0.002,4.8979380830498e-05,4.899011682735328e-05,-4.2720904434724e-06,-4.273026856608043e-06,2.3945762252085e-05,2.393639810058624e-05
0.0022,4.903143941176e-05,4.904168329243335e-05,-4.2766311115017e-06,-4.277524598284571e-06,2.3900355571408e-05,2.3891420683820968e-05
0.0024,4.9081221006057e-05,4.909103387314264e-05,-4.2809731789559e-06,-4.281829065603184e-06,2.3856934894567e-05,2.3848376010634835e-05
0.0026,4.9129009270537e-05,4.9138440654659656e-05,-4.2851413938267e-06,-4.2859639904451736e-06,2.381525273806e-05,2.380702676221494e-05
0.0028,4.9175033495862e-05,4.918412423696809e-05,-4.2891557623051e-06,-4.289948614070804e-06,2.3775109054937e-05,2.3767180525958634e-05
0.003,4.9219482103222e-05,4.922826642027136e-05,-4.2930327283009e-06,-4.293798793660334e-06,2.3736339396059e-05,2.3728678730063337e-05
0.0032,4.9262512057341e-05,4.9271019131652896e-05,-4.296786003475e-06,-4.297527781173525e-06,2.3698806641681e-05,2.369138885493143e-05
0.0034,4.9304255680857e-05,4.9312510867328e-05,-4.3004271629112e-06,-4.301146785857081e-06,2.366239504521e-05,2.365519880809586e-05
0.0036,4.9344825695047e-05,4.9352851441011674e-05,-4.3039660834871e-06,-4.3046653896114885e-06,2.3627005840554e-05,2.362001277055179e-05
0.0038,4.9384318892727e-05,4.939213554464867e-05,-4.307411273207e-06,-4.308091859691361e-06,2.3592553942099e-05,2.358574806975307e-05
0.004,4.9422818951598e-05,4.943044545497062e-05,-4.3107701231564e-06,-4.311433388149351e-06,2.3558965442901e-05,2.3552332785173168e-05
0.0042,4.9460398573259e-05,4.9467853111480336e-05,-4.3140491021574e-06,-4.314696277967071e-06,2.352617565352e-05,2.3519703886995954e-05
0.0044,4.9497121222324e-05,4.950442172270233e-05,-4.3172539103252e-06,-4.31788608970087e-06,2.3494127571762e-05,2.348780576965797e-05
0.0046,4.9533042383695e-05,4.954020701292519e-05,-4.3203896012684e-06,-4.321007758421533e-06,2.3462770661232e-05,2.3456589082451347e-05
0.0048,4.9568210617549e-05,4.957525819218664e-05,-4.3234606799519e-06,-4.324065687987447e-06,2.3432059875799e-05,2.3426009786792198e-05
0.005,4.9602668393111e-05,4.9609618712327254e-05,-4.32647118296e-06,-4.327063827800303e-06,2.3401954844404e-05,2.3396028388663644e-05
0.0052,4.9636452740954e-05,4.96433268580432e-05,-4.329424743578e-06,-4.330005735864624e-06,2.3372419238491e-05,2.3366609308020427e-05
0.0054,4.9669595787358e-05,4.9676416211776026e-05,-4.3323246464593e-06,-4.332894631024709e-06,2.3343420210141e-05,2.333772035641958e-05
0.0056,4.9702125227938e-05,4.9708916023609395e-05,-4.3351738721332e-06,-4.335733436566086e-06,2.3314927952856e-05,2.330933230100581e-05
0.0058,4.9734064672491e-05,4.9740851511243665e-05,-4.3379751357171e-06,-4.338524816864708e-06,2.3286915316454e-05,2.3281418498019587e-05
0.006,4.9765434001849e-05,4.977224411010557e-05,-4.3407309182171e-06,-4.34127120839256e-06,2.3259357491271e-05,2.325395458274108e-05
0.0062,4.9796249642558e-05,4.980311168941948e-05,-4.3434434942566e-06,-4.34397484610683e-06,2.3232231729856e-05,2.3226918205598375e-05
0.0064,4.9826524751317e-05,4.9833468746477664e-05,-4.3461149551703e-06,-4.346637786035931e-06,2.3205517121706e-05,2.3200288806307362e-05
0.0066,4.9856269565532e-05,4.986332658829338e-05,-4.3487472290981e-06,-4.349261924711523e-06,2.3179194383495e-05,2.3174047419551442e-05
0.0068,4.9885491506534e-05,4.989269350725813e-05,-4.3513420980465e-06,-4.351849015968716e-06,2.3153245694272e-05,2.314817650697952e-05
0.007,4.9914195426232e-05,4.99215749553028e-05,-4.3539012132639e-06,-4.354400685537405e-06,2.3127654541308e-05,2.3122659811292618e-05
0.0072,4.9942383805721e-05,4.994997371934505e-05,-4.3564261082718e-06,-4.356918443769656e-06,2.3102405591082e-05,2.3097482228970107e-05
0.0074,4.9970056916617e-05,4.997789009945101e-05,-4.3589182098785e-06,-4.359403696786133e-06,2.3077484575012e-05,2.3072629698805345e-05
0.0076,4.9997213023649e-05,5.000532209010669e-05,-4.3613788487427e-06,-4.361857756275167e-06,2.3052878186161e-05,2.3048089103914995e-05
0.0078,5.0023848532304e-05,5.003226556423589e-05,-4.3638092680529e-06,-4.364281848138342e-06,2.3028573993144e-05,2.3023848185283256e-05
0.008,5.004995820929e-05,5.005871445908088e-05,-4.366210631217e-06,-4.366677120144295e-06,2.3004560361567e-05,2.2999895465223728e-05
0.0082,5.0075535300488e-05,5.008466096272824e-05,-4.3685840290838e-06,-4.36904464872638e-06,2.2980826382283e-05,2.2976220179402873e-05
0.0084,5.0100571726441e-05,5.011009569988743e-05,-4.3709304860825e-06,-4.371385445038377e-06,2.2957361813153e-05,2.2952812216282895e-05
0.0086,5.0125058208016e-05,5.013500791547075e-05,-4.3732509654313e-06,-4.373700460364901e-06,2.2934157019103e-05,2.2929662063017667e-05
0.0088,5.0148984454714e-05,5.015938565455589e-05,-4.3755463747053e-06,-4.375990590968601e-06,2.2911202926494e-05,2.2906760756980663e-05
0.009,5.0172339287958e-05,5.018321593740685e-05,-4.377817569731e-06,-4.378256682444216e-06,2.2888490976885e-05,2.2884099842224515e-05
0.0092,5.0195110819775e-05,5.0206484928370056e-05,-4.3800653588061e-06,-4.3804995336394156e-06,2.2866013084518e-05,2.2861671330272518e-05
0.0094,5.021728652653e-05,5.022917809762429e-05,-4.382290506452e-06,-4.382719900194005e-06,2.284376160882e-05,2.2839467664726626e-05
0.0096,5.0238853445876e-05,5.0251280374942234e-05,-4.3844937364146e-06,-4.384918497741911e-06,2.2821729309427e-05,2.2817481689247573e-05
0.0098,5.0259798244145e-05,5.027277629480017e-05,-4.3866757347856e-06,-4.387096004814419e-06,2.2799909325474e-05,2.2795706618522485e-05
0.01,5.0280107358641e-05,5.029365013234561e-05,-4.3888371527366e-06,-4.389253065478037e-06,2.2778295146392e-05,2.27741360118863e-05
0.0102,5.0299767097102e-05,5.031388602989755e-05,-4.3909786087289e-06,-4.391390291736033e-06,2.2756880585577e-05,2.2752763749306347e-05
0.0104,5.0318763741093e-05,5.033346811380238e-05,-4.3931006911295e-06,-4.39350826571903e-06,2.273565976184e-05,2.2731584009476368e-05
0.0106,5.0337083611346e-05,5.035238060160294e-05,-4.3952039598544e-06,-4.395607541686871e-06,2.2714627074372e-05,2.271059124979796e-05
0.0108,5.0354713188098e-05,5.037060789959432e-05,-4.3972889484815e-06,-4.397688647861241e-06,2.2693777188861e-05,2.2689780188054263e-05
0.011,5.0371639171035e-05,5.038813469093963e-05,-4.3993561658715e-06,-4.399752088106228e-06,2.2673105014465e-05,2.2669145785604403e-05
0.0112,5.038784853563e-05,5.0404946014602674e-05,-4.4014060977396e-06,-4.40179834347195e-06,2.2652605695121e-05,2.264868323194717e-05
0.0114,5.0403328612303e-05,5.042102733542141e-05,-4.4034392082649e-06,-4.4038278736146595e-06,2.2632274590149e-05,2.262838793052008e-05
0.0116,5.0418067128945e-05,5.0436364605700025e-05,-4.4054559410323e-06,-4.405841118105171e-06,2.2612107261918e-05,2.260825548561496e-05
0.0118,5.0432052272023e-05,5.045094431873706e-05,-4.4074567207118e-06,-4.407838497636185e-06,2.2592099465844e-05,2.2588281690304818e-05
0.012,5.0445272709097e-05,5.046475355473693e-05,-4.409441953841e-06,-4.409820415137879e-06,2.2572247133731e-05,2.2568462515287888e-05
0.0122,5.0457717656783e-05,5.047778001956975e-05,-4.4114120300939e-06,-4.411787256810147e-06,2.2552546370676e-05,2.25487940985652e-05
0.0124,5.0469376855886e-05,5.049001207685529e-05,-4.4133673231983e-06,-4.413739393078982e-06,2.253299344006e-05,2.2529272735876845e-05
0.0126,5.0480240664024e-05,5.050143877384889e-05,-4.4153081917128e-06,-4.415677179483688e-06,2.2513584754282e-05,2.25098948718298e-05
0.0128,5.049030002963e-05,5.051204986160417e-05,-4.4172349800559e-06,-4.417600957500949e-06,2.2494316870545e-05,2.249065709165719e-05
0.013,5.0499546528676e-05,5.052183580987802e-05,-4.4191480191671e-06,-4.41951105531117e-06,2.2475186478901e-05,2.2471556113554975e-05
0.0132,5.0507972348704e-05,5.0530787817231264e-05,-4.4210476272628e-06,-4.421407788511934e-06,2.2456190398187e-05,2.2452588781547342e-05
0.0134,5.0515570340637e-05,5.053889781676189e-05,-4.4229341104794e-06,-4.423291460782979e-06,2.2437325565326e-05,2.243375205883688e-05
0.0136,5.0522333985728e-05,5.054615847788963e-05,-4.4248077634675e-06,-4.425162364506674e-06,2.2418589034366e-05,2.2415043021599942e-05
0.0138,5.0528257417521e-05,5.055256320459042e-05,-4.4266688703787e-06,-4.427020781347539e-06,2.2399977966038e-05,2.2396458853191276e-05
0.014,5.0533335411786e-05,5.055810613045743e-05,-4.4285177048352e-06,-4.428866982794121e-06,2.2381489623873e-05,2.2377996838725462e-05
0.0142,5.0537563377604e-05,5.056278211094411e-05,-4.4303545302423e-06,-4.430701230666111e-06,2.2363121370912e-05,2.2359654360005563e-05
0.0144,5.0540937373532e-05,5.05665867131213e-05,-4.4321796010064e-06,-4.432523777589433e-06,2.2344870659508e-05,2.2341428890772345e-05
0.0146,5.0543454065484e-05,5.056951620325818e-05,-4.4339931634985e-06,-4.434334867441717e-06,2.2326735034382e-05,2.2323317992249506e-05
0.0148,5.0545110741698e-05,5.057156753251546e-05,-4.4357954547896e-06,-4.4361347357703876e-06,2.2308712121804e-05,2.2305319308962793e-05
0.015,5.0545905289703e-05,5.057273832101618e-05,-4.4375867040314e-06,-4.437923610185397e-06,2.2290799630495e-05,2.2287430564812708e-05
0.0152,5.0545836194831e-05,5.057302684053974e-05,-4.4393671327937e-06,-4.4397017107284455e-06,2.2272995343055e-05,2.226964955938222e-05
0.0154,5.0544902500692e-05,5.057243199606363e-05,-4.4411369554853e-06,-4.441469250220402e-06,2.2255297117e-05,2.2251974164462653e-05
0.0156,5.0543103823725e-05,5.057095330635877e-05,-4.4428963793886e-06,-4.44322643458846e-06,2.2237702877728e-05,2.223440232078207e-05
0.0158,5.0540440318215e-05,5.056859088382515e-05,-4.4446456052629e-06,-4.444973463174459e-06,2.2220210619059e-05,2.2216932034922086e-05
0.016,5.0536912659495e-05,5.056534541373812e-05,-4.4463848274626e-06,-4.446710529025675e-06,2.2202818396995e-05,2.2199561376409926e-05
0.0162,5.0532522034465e-05,5.0561218133058395e-05,-4.4481142342769e-06,-4.448437819169289e-06,2.2185524329148e-05,2.2182288474973783e-05
0.0164,5.0527270122559e-05,5.055621080894415e-05,-4.4498340081294e-06,-4.450155514871626e-06,2.2168326590362e-05,2.2165111517950407e-05
0.0166,5.0521159071268e-05,5.055032571708896e-05,-4.4515443259699e-06,-4.4518637918831895e-06,2.2151223411395e-05,2.2148028747834786e-05
0.0168,5.0514191483943e-05,5.054356561999631e-05,-4.4532453593262e-06,-4.453562820670421e-06,2.213421307785e-05,2.2131038459962468e-05
0.017,5.0506370386633e-05,5.0535933745288585e-05,-4.4549372746762e-06,-4.4552527666350675e-06,2.2117293924055e-05,2.2114139000316e-05
0.0172,5.0497699234646e-05,5.052743376413784e-05,-4.4566202335557e-06,-4.456933790321934e-06,2.2100464335312e-05,2.209732876344734e-05
0.0174,5.0488181880467e-05,5.051806976989426e-05,-4.4582943928199e-06,-4.458606047615773e-06,2.2083722742413e-05,2.2080606190508945e-05
0.0176,5.0477822544222e-05,5.0507846256979344e-05,-4.4599599047875e-06,-4.4602696899279965e-06,2.2067067622112e-05,2.2063969767386703e-05
0.0178,5.0466625807627e-05,5.049676810010141e-05,-4.4616169174553e-06,-4.461924864373839e-06,2.2050497493974e-05,2.2047418022928285e-05
0.018,5.0454596602903e-05,5.048484053384339e-05,-4.4632655747166e-06,-4.463571713940554e-06,2.2034010921276e-05,2.2030949527261134e-05
0.0182,5.0441740175864e-05,5.047206913266526e-05,-4.4649060164064e-06,-4.465210377647211e-06,2.2017606504105e-05,2.2014562890194562e-05
0.0184,5.0428062089933e-05,5.045845979135691e-05,-4.4665383785247e-06,-4.466840990696569e-06,2.2001282883149e-05,2.1998256759700986e-05
0.0186,5.041356818665e-05,5.044401870597114e-05,-4.4681627932837e-06,-4.468463684619523e-06,2.1985038735299e-05,2.1982029820471444e-05
0.0188,5.0398264581561e-05,5.042875235526095e-05,-4.4697793898059e-06,-4.4700785874125475e-06,2.1968872773383e-05,2.1965880792541195e-05
0.019,5.0382157663801e-05,5.0412667482640304e-05,-4.4713882926677e-06,-4.4716858236685545e-06,2.195278374462e-05,2.1949808429981134e-05
0.0192,5.0365254038079e-05,5.039577107868389e-05,-4.4729896238752e-06,-4.47328551470153e-06,2.1936770429548e-05,2.193381151965137e-05
0.0194,5.0347560546077e-05,5.037807036417565e-05,-4.4745835029118e-06,-4.474877778665333e-06,2.1920831639959e-05,2.1917888880013343e-05
0.0196,5.0329084238327e-05,5.0359572773714576e-05,-4.4761700450941e-06,-4.4764627306669465e-06,2.1904966217617e-05,2.1902039359997203e-05
0.0198,5.0309832353848e-05,5.0340285939881266e-05,-4.477749363208e-06,-4.478040482874537e-06,2.1889173036326e-05,2.1886261837921303e-05
0.02,5.0289812325554e-05,5.0320217677966926e-05,-4.4793215672466e-06,-4.4796111446205686e-06,2.187345099639e-05,2.1870555220460996e-05
0.0202,5.0269031743739e-05,5.0299375971263875e-05,-4.4808867642518e-06,-4.481174822500267e-06,2.1857799026443e-05,2.1854918441664e-05
0.0204,5.0247498349682e-05,5.027776895691418e-05,-4.482445058741e-06,-4.48273162046569e-06,2.1842216081127e-05,2.1839350462009774e-05
0.0206,5.0225220034164e-05,5.025540491231153e-05,-4.4839965526339e-06,-4.4842816399156125e-06,2.1826701142461e-05,2.1823850267510545e-05
0.0208,5.020220481694e-05,5.023229224204952e-05,-4.4855413452985e-06,-4.485824979781486e-06,2.1811253215467e-05,2.1808416868851818e-05
0.021,5.017846083021e-05,5.020843946540816e-05,-4.4870795338257e-06,-4.487361736609647e-06,2.1795871330297e-05,2.1793049300570204e-05
0.0212,5.0153996307689e-05,5.0183855204369815e-05,-4.4886112129188e-06,-4.488892004640001e-06,2.1780554539413e-05,2.177774662026666e-05
0.0214,5.0128819579201e-05,5.015854817215326e-05,-4.4901364752708e-06,-4.490415875881335e-06,2.1765301919359e-05,2.176250790785332e-05
0.0216,5.010293907351e-05,5.0132527162255824e-05,-4.4916554104866e-06,-4.491933440183456e-06,2.1750112566299e-05,2.174733226483211e-05
0.0218,5.0076363281925e-05,5.0105801037990546e-05,-4.4931681071852e-06,-4.493444785306305e-06,2.1734985599263e-05,2.1732218813603624e-05
0.022,5.0049100758119e-05,5.007837872250703e-05,-4.4946746514956e-06,-4.494949996986198e-06,2.1719920156311e-05,2.1717166696804688e-05
0.0222,5.0021160114767e-05,5.005026918928206e-05,-4.4961751274608e-06,-4.496449158999354e-06,2.1704915396651e-05,2.1702175076673133e-05
0.0224,4.9992550020258e-05,5.0021481453067376e-05,-4.4976696170525e-06,-4.497942353222816e-06,2.1689970497999e-05,2.1687243134438517e-05
0.0226,4.9963279164833e-05,4.999202456128084e-05,-4.4991582012779e-06,-4.4994296596929235e-06,2.1675084655501e-05,2.1672370069737436e-05
0.0228,4.9933356278477e-05,4.9961907585827264e-05,-4.5006409584399e-06,-4.500911156661441e-06,2.1660257084473e-05,2.1657555100052265e-05
0.023,4.990279012101e-05,4.993113961533548e-05,-4.5021179653525e-06,-4.502386920649451e-06,2.164548701539e-05,2.164279746017217e-05
0.0232,4.987158945782e-05,4.989972974779729e-05,-4.5035892971933e-06,-4.503857026499132e-06,2.1630773696991e-05,2.1628096401675363e-05
0.0234,4.9839763065076e-05,4.9867687083595086e-05,-4.5050550274746e-06,-4.505321547423518e-06,2.1616116393908e-05,2.1613451192431498e-05
0.0236,4.9807319726926e-05,4.983502071890429e-05,-4.5065152281676e-06,-4.506780555054328e-06,2.160151438749e-05,2.1598861116123393e-05
0.0238,4.9774268219461e-05,4.9801739739456884e-05,-4.5079699695721e-06,-4.508234119487967e-06,2.1586966973856e-05,2.158432547178701e-05
0.024,4.9740617312031e-05,4.976785321465303e-05,-4.5094193205959e-06,-4.5096823093297706e-06,2.1572473463129e-05,2.156984357336897e-05
0.0242,4.9706375757364e-05,4.9733370192007345e-05,-4.5108633486697e-06,-4.511125191736593e-06,2.155803318253e-05,2.1555414749300743e-05
0.0244,4.9671552287826e-05,4.969829969191709e-05,-4.5123021197749e-06,-4.5125628324577955e-06,2.1543645471435e-05,2.1541038342088716e-05
0.0246,4.9636155610299e-05,4.966265070273941e-05,-4.5137356985719e-06,-4.51399529587472e-06,2.1529309683546e-05,2.1526713707919475e-05
0.0248,4.9600194407748e-05,4.96264321761653e-05,-4.515164148306e-06,-4.5154226450387084e-06,2.1515025186126e-05,2.151244021627959e-05
0.025,4.956367732773e-05,4.958965302287842e-05,-4.5165875310179e-06,-4.516844941707746e-06,2.1500791358991e-05,2.149821724958922e-05
0.0252,4.9526612968782e-05,4.955232210848644e-05,-4.5180059073899e-06,-4.5182622463817705e-06,2.1486607594972e-05,2.148404420284897e-05
0.0254,4.948900990246e-05,4.951444824971389e-05,-4.5194193369149e-06,-4.519674618336726e-06,2.1472473299369e-05,2.1469920483299413e-05
0.0256,4.9450876646592e-05,4.947604021084522e-05,-4.520827877919e-06,-4.521082115657405e-06,2.1458387888899e-05,2.1455845510092624e-05
0.0258,4.9412221674426e-05,4.9437106700406846e-05,-4.5222315877959e-06,-4.522484795269129e-06,2.1444350792612e-05,2.1441818713975385e-05
0.026,4.93730534061e-05,4.939765636807823e-05,-4.5236305219828e-06,-4.5238827129683314e-06,2.1430361451185e-05,2.142783953698336e-05
0.0262,4.9333380201577e-05,4.9357697801821434e-05,-4.5250247356192e-06,-4.525275923452077e-06,2.141641931495e-05,2.14139074321459e-05
0.0264,4.9293210370946e-05,4.931723952521927e-05,-4.5264142824956e-06,-4.526664480346571e-06,2.1402523845429e-05,2.1400021863200966e-05
0.0266,4.9252552155975e-05,4.9276289995012637e-05,-4.5277992154312e-06,-4.528048436234692e-06,2.1388674516067e-05,2.1386182304319754e-05
0.0268,4.9211413744624e-05,4.923485759882781e-05,-4.5291795860912e-06,-4.529427842682604e-06,2.1374870808947e-05,2.1372388239840638e-05
0.027,4.916980325806e-05,4.91929506530847e-05,-4.5305554453086e-06,-4.530802750265469e-06,2.1361112216538e-05,2.1358639164011985e-05
0.0272,4.9127728738419e-05,4.91505774010775e-05,-4.5319268428001e-06,-4.532173208592317e-06,2.1347398241821e-05,2.13449345807435e-05
0.0274,4.9085198173582e-05,4.9107746011219585e-05,-4.5332938273627e-06,-4.533539266330087e-06,2.1333728395665e-05,2.1331274003365803e-05
0.0276,4.9042219476004e-05,4.906446457544458e-05,-4.5346564469055e-06,-4.534900971226888e-06,2.1320102199901e-05,2.1317656954397796e-05
0.0278,4.8998800487294e-05,4.902074110775602e-05,-4.5360147484822e-06,-4.536258370134508e-06,2.1306519183813e-05,2.13040829653216e-05
0.028,4.8954948973453e-05,4.897658354291798e-05,-4.5373687783366e-06,-4.537611509030201e-06,2.1292978886368e-05,2.129055157636467e-05
0.0282,4.8910672628633e-05,4.893199973528022e-05,-4.538718581298e-06,-4.5389604330377785e-06,2.1279480855622e-05,2.1277062336288888e-05
0.0284,4.8865979065402e-05,4.8886997457730235e-05,-4.5400642022341e-06,-4.540305186448038e-06,2.1266024646455e-05,2.1263614802186302e-05
0.0286,4.8820875828446e-05,4.884158440076625e-05,-4.5414056847041e-06,-4.541645812738545e-06,2.1252609823218e-05,2.1250208539281216e-05
0.0288,4.8775370374083e-05,4.879576817168477e-05,-4.5427430712369e-06,-4.54298235459282e-06,2.1239235957665e-05,2.1236843120738472e-05
0.029,4.8729470088589e-05,4.874955629387663e-05,-4.5440764040348e-06,-4.544314853918907e-06,2.1225902629615e-05,2.12235181274776e-05
0.0292,4.8683182276233e-05,4.8702956206225706e-05,-4.5454057243673e-06,-4.545643351867401e-06,2.1212609426913e-05,2.1210233147992667e-05
0.0294,4.8636514151577e-05,4.8655975262605064e-05,-4.5467310727456e-06,-4.546967888848914e-06,2.1199355942782e-05,2.1196987778177536e-05
0.0296,4.8589472861999e-05,4.860862073146494e-05,-4.5480524890127e-06,-4.548288504551026e-06,2.1186141780511e-05,2.1183781621156406e-05
0.0298,4.8542065473172e-05,4.856089979550776e-05,-4.5493700121965e-06,-4.549605237954728e-06,2.1172966548513e-05,2.1170614287119394e-05
0.03,4.849429896154e-05,4.851281955144504e-05,-4.5506836807463e-06,-4.5509181273503745e-06,2.115982986303e-05,2.115748539316293e-05
0.0302,4.8446180225768e-05,4.8464387009832224e-05,-4.5519935321567e-06,-4.5522272103531785e-06,2.1146731346782e-05,2.1144394563134887e-05
0.0304,4.8397716077386e-05,4.8415609094976025e-05,-4.5532996039183e-06,-4.553532523918254e-06,2.11336706292e-05,2.113134142748413e-05
0.0306,4.8348913255022e-05,4.836649264491105e-05,-4.5546019322227e-06,-4.554834104355219e-06,2.1120647346039e-05,2.111832562311448e-05
0.0308,4.8299778409523e-05,4.8317044411440974e-05,-4.5559005528496e-06,-4.55613198734239e-06,2.1107661139908e-05,2.110534679324278e-05
0.031,4.8250318109455e-05,4.8267271060240934e-05,-4.5571955009815e-06,-4.557426207940567e-06,2.1094711659078e-05,2.1092404587261006e-05
0.0312,4.8200538846104e-05,4.821717917101693e-05,-4.5584868110957e-06,-4.558716800606441e-06,2.1081798557739e-05,2.1079498660602268e-05
0.0314,4.8150447024247e-05,4.816677523771931e-05,-4.559774517223e-06,-4.560003799205616e-06,2.106892149649e-05,2.1066628674610516e-05
0.0316,4.8100048961105e-05,4.8116065668806484e-05,-4.5610586527248e-06,-4.561287237025281e-06,2.1056080141413e-05,2.105379429641387e-05
0.0318,4.8049350904466e-05,4.806505678755611e-05,-4.5623392503975e-06,-4.562567146786529e-06,2.104327416474e-05,2.1040995198801384e-05
0.032,4.7998359017498e-05,4.801375483242034e-05,-4.5636163425226e-06,-4.563843560656345e-06,2.1030503243453e-05,2.1028231060103216e-05
0.0322,4.7947079374361e-05,4.796216595742255e-05,-4.5648899607822e-06,-4.565116510259269e-06,2.1017767060939e-05,2.1015501564073993e-05
0.0324,4.7895517971717e-05,4.79102962325926e-05,-4.5661601363875e-06,-4.566386026688739e-06,2.1005065305275e-05,2.1002806399779288e-05
0.0326,4.784368073345e-05,4.7858151644438145e-05,-4.5674269000388e-06,-4.567652140518151e-06,2.099239766924e-05,2.099014526148516e-05
0.0328,4.779157349974e-05,4.780573809644928e-05,-4.5686902816828e-06,-4.568914881811613e-06,2.0979763852339e-05,2.097751784855054e-05
0.033,4.7739202022474e-05,4.775306140963447e-05,-4.569950311193e-06,-4.57017428013442e-06,2.096716355729e-05,2.096492386532248e-05
0.0332,4.768657198528e-05,4.7700127323085215e-05,-4.5712070176046e-06,-4.5714303645632595e-06,2.09545964929e-05,2.0952363021034076e-05
0.0334,4.7633688991075e-05,4.764694149456751e-05,-4.5724604296507e-06,-4.572683163696161e-06,2.0942062372478e-05,2.0939835029705067e-05
0.0336,4.7580558556046e-05,4.759350950113789e-05,-4.5737105755106e-06,-4.573932705662176e-06,2.0929560913867e-05,2.0927339610044904e-05
0.0338,4.7527186132617e-05,4.7539836839782305e-05,-4.5749574829292e-06,-4.575179018130833e-06,2.0917091839774e-05,2.091487648535835e-05
0.034,4.7473577086405e-05,4.7485928928075815e-05,-4.5762011792114e-06,-4.576422128321331e-06,2.0904654877074e-05,2.090244538345337e-05
0.0342,4.7419736712976e-05,4.7431791104861524e-05,-4.5774416912046e-06,-4.577662063011526e-06,2.0892249756983e-05,2.0890046036551414e-05
0.0344,4.7365670221745e-05,4.7377428630946936e-05,-4.5786790453291e-06,-4.578898848546684e-06,2.0879876215717e-05,2.0877678181199837e-05
0.0346,4.7311382761733e-05,4.732284668981627e-05,-4.5799132675802e-06,-4.580132510848018e-06,2.0867533993258e-05,2.0865341558186503e-05
0.0348,4.7256879398714e-05,4.726805038835729e-05,-4.5811443835188e-06,-4.58136307542102e-06,2.0855222833925e-05,2.085303591245648e-05
0.035,4.7202165121902e-05,4.7213044757601e-05,-4.5823724183431e-06,-4.5825905673635924e-06,2.0842942485505e-05,2.0840760993030747e-05
0.0352,4.7147244853566e-05,4.715783475347325e-05,-4.5835973968259e-06,-4.583815011373981e-06,2.0830692700971e-05,2.0828516552926868e-05
0.0354,4.7092123443588e-05,4.71024252575566e-05,-4.5848193433038e-06,-4.585036431758517e-06,2.0818473236055e-05,2.08163023490815e-05
0.0356,4.7036805669166e-05,4.704682107786154e-05,-4.5860382817989e-06,-4.586254852439184e-06,2.0806283851046e-05,2.0804118142274835e-05
0.0358,4.6981296231256e-05,4.699102694960571e-05,-4.587254235935e-06,-4.587470296960996e-06,2.0794124309908e-05,2.079196369705672e-05
0.036,4.6925599771789e-05,4.693504753600031e-05,-4.5884672289246e-06,-4.5886827884992095e-06,2.0781994379938e-05,2.0779838781674582e-05
0.0362,4.6869720849449e-05,4.687888742904231e-05,-4.5896772836755e-06,-4.58989234986637e-06,2.0769893832339e-05,2.0767743168002977e-05
0.0364,4.6813663960589e-05,4.682255115031198e-05,-4.5908844226892e-06,-4.5910990035191895e-06,2.0757822441995e-05,2.075567663147478e-05
0.0366,4.6757433538744e-05,4.67660431517744e-05,-4.5920886681625e-06,-4.592302771565273e-06,2.0745779987687e-05,2.0743638951013946e-05
0.0368,4.6701033945132e-05,4.6709367816584424e-05,-4.5932900420137e-06,-4.593503675769687e-06,2.0733766249845e-05,2.07316299089698e-05
0.037,4.6644469471006e-05,4.6652529459893984e-05,-4.5944885655298e-06,-4.594701737561384e-06,2.0721781014679e-05,2.0719649291052838e-05
0.0372,4.6587744349484e-05,4.6595532329661414e-05,-4.5956842599751e-06,-4.595896978039478e-06,2.0709824070231e-05,2.070769688627189e-05
0.0374,4.6530862747083e-05,4.653838060746159e-05,-4.5968771461874e-06,-4.597089417979388e-06,2.0697895207722e-05,2.06957724868728e-05
0.0376,4.6473828758665e-05,4.648107840929661e-05,-4.5980672447118e-06,-4.598279077838834e-06,2.0685994222311e-05,2.0683875888278327e-05
0.0378,4.6416646420441e-05,4.64236297864061e-05,-4.5992545757801e-06,-4.599465977763714e-06,2.0674120911584e-05,2.067200688902953e-05
0.038,4.6359319707915e-05,4.636603872607685e-05,-4.6004391592419e-06,-4.60065013759384e-06,2.0662275076669e-05,2.0660165290728277e-05
0.0382,4.6301852536407e-05,4.630830915245088e-05,-4.6016210147471e-06,-4.601831576868558e-06,2.0650456522118e-05,2.0648350897981105e-05
0.0384,4.6244248754518e-05,4.625044492733177e-05,-4.6028001615596e-06,-4.603010314832242e-06,2.0638665053802e-05,2.0636563518344262e-05
0.0386,4.6186512153547e-05,4.619244985098846e-05,-4.6039766187416e-06,-4.6041863704396755e-06,2.0626900482199e-05,2.0624802962269928e-05
0.0388,4.612864646005e-05,4.613432766295627e-05,-4.6051504050057e-06,-4.605359762361309e-06,2.0615162619856e-05,2.061306904305359e-05
0.039,4.6070655349021e-05,4.607608204283465e-05,-4.6063215387777e-06,-4.6065305089884154e-06,2.0603451281871e-05,2.0601361576782524e-05
0.0392,4.601254243397e-05,4.6017716611081195e-05,-4.6074900382858e-06,-4.607698628438128e-06,2.0591766286987e-05,2.0589680382285392e-05
0.0394,4.5954311271392e-05,4.5959234929801766e-05,-4.6086559213946e-06,-4.608864138558382e-06,2.0580107455625e-05,2.0578025281082856e-05
0.0396,4.5895965358553e-05,4.5900640503535996e-05,-4.6098192057738e-06,-4.610027056932742e-06,2.0568474611882e-05,2.0566396097339253e-05
0.0398,4.5837508145027e-05,4.584193678003832e-05,-4.6109799087843e-06,-4.61118740088514e-06,2.0556867581782e-05,2.055479265781528e-05
0.04,4.5778943012453e-05,4.578312715105382e-05,-4.6121380475203e-06,-4.612345187484507e-06,2.0545286193286e-05,2.054321479182161e-05
0.0402,4.57202732967e-05,4.5724214953088916e-05,-4.6132936392608e-06,-4.613500433549314e-06,2.053373027849e-05,2.053166233117354e-05
0.0404,4.5661502279349e-05,4.566520346817644e-05,-4.6144466997696e-06,-4.614653155652021e-06,2.0522199670719e-05,2.0520135110146466e-05
0.0406,4.5602633190116e-05,4.5606095924635006e-05,-4.6155972463748e-06,-4.615803370123431e-06,2.0510694206041e-05,2.050863296543236e-05
0.0408,4.5543669201957e-05,4.5546895497822306e-05,-4.6167452945559e-06,-4.61695109305696e-06,2.0499213723017e-05,2.049715573609707e-05
0.041,4.5484613436941e-05,4.5487605310882344e-05,-4.6178908606388e-06,-4.618096340312818e-06,2.0487758061946e-05,2.048570326353849e-05
0.0412,4.5425468969764e-05,4.542822843548612e-05,-4.619033960213e-06,-4.619239127522109e-06,2.047632706691e-05,2.0474275391445577e-05
0.0414,4.5366238822407e-05,4.536876789256598e-05,-4.6201746086753e-06,-4.6203794700908495e-06,2.0464920582259e-05,2.0462871965758185e-05
0.0416,4.5306925967191e-05,4.530922665304311e-05,-4.6213128213018e-06,-4.6215173832039e-06,2.0453538456183e-05,2.0451492834627676e-05
0.0418,4.5247533332734e-05,4.5249607638548385e-05,-4.6224486131087e-06,-4.6226528818288305e-06,2.0442180538338e-05,2.0440137848378377e-05
0.042,4.5188063793576e-05,4.518991372213601e-05,-4.6235819989093e-06,-4.6237859807197e-06,2.0430846680194e-05,2.0428806859469667e-05
0.0422,4.5128520178005e-05,4.513014772899042e-05,-4.6247129933369e-06,-4.6249166944207706e-06,2.041953673617e-05,2.0417499722458968e-05
0.0424,4.5068905265766e-05,4.5070312437125725e-05,-4.6258416107391e-06,-4.626045037270137e-06,2.0408250561716e-05,2.040621629396531e-05
0.0426,4.5009221798978e-05,4.501041057807812e-05,-4.626967865328e-06,-4.627171023403298e-06,2.0396988015512e-05,2.03949564326337e-05
0.0428,4.4949472467593e-05,4.49504448375909e-05,-4.6280917711174e-06,-4.628294666756653e-06,2.0385748957526e-05,2.0383719999100154e-05
0.043,4.4889659916455e-05,4.489041785629199e-05,-4.6292133419293e-06,-4.62941598107093e-06,2.0374533249576e-05,2.0372506855957373e-05
0.0432,4.4829786749882e-05,4.48303322303643e-05,-4.630332591248e-06,-4.630534979894553e-06,2.0363340755406e-05,2.036131686772114e-05
0.0434,4.4769855525525e-05,4.4770190512208236e-05,-4.6314495327224e-06,-4.631651676586939e-06,2.0352171341216e-05,2.0350149900797287e-05
0.0436,4.4709868763205e-05,4.4709995211096965e-05,-4.6325641793777e-06,-4.632766084321734e-06,2.0341024874362e-05,2.0339005823449337e-05
0.0438,4.4649828933485e-05,4.464974879382393e-05,-4.6336765443029e-06,-4.633878216089991e-06,2.0329901224842e-05,2.0327884505766763e-05
0.044,4.4589738472247e-05,4.4589453685342925e-05,-4.6347866404451e-06,-4.634988084703286e-06,2.0318800263467e-05,2.0316785819633824e-05
0.0442,4.4529599766499e-05,4.4529112269400455e-05,-4.6358944804706e-06,-4.636095702796769e-06,2.0307721863778e-05,2.0305709638698986e-05
0.0444,4.4469415176875e-05,4.446872688916054e-05,-4.6370000768572e-06,-4.637201082832172e-06,2.029666590006e-05,2.0294655838344955e-05
0.0446,4.4409187011277e-05,4.4408299847821864e-05,-4.6381034420324e-06,-4.6383042371007446e-06,2.028563224924e-05,2.0283624295659224e-05
0.0448,4.4348917540318e-05,4.434783340922735e-05,-4.6392045879619e-06,-4.639405177726148e-06,2.0274620789548e-05,2.02726148894052e-05
0.045,4.4288608998948e-05,4.428732979846613e-05,-4.6403035268023e-06,-4.640503916667283e-06,2.0263631400247e-05,2.026162749999384e-05
0.0452,4.4228263584002e-05,4.422679120246785e-05,-4.6414002706069e-06,-4.641600465721081e-06,2.0252663963543e-05,2.0250662009455864e-05
0.0454,4.4167883455478e-05,4.4166219770589494e-05,-4.6424948306165e-06,-4.6426948365252264e-06,2.0241718361965e-05,2.0239718301414416e-05
0.0456,4.4107470738683e-05,4.4105617615194615e-05,-4.643587218799e-06,-4.643787040560842e-06,2.0230794480728e-05,2.0228796261058266e-05
0.0458,4.4047027514234e-05,4.404498681222503e-05,-4.6446774464149e-06,-4.6448770891551176e-06,2.0219892205237e-05,2.0217895775115504e-05
0.046,4.3986555840633e-05,4.398432940176499e-05,-4.6457655245048e-06,-4.645964993483896e-06,2.0209011423435e-05,2.0207016731827717e-05
0.0462,4.392605772665e-05,4.392364738859805e-05,-4.6468514644442e-06,-4.647050764574207e-06,2.0198152025092e-05,2.0196159020924613e-05
0.0464,4.3865535154012e-05,4.386294274275629e-05,-4.6479352769633e-06,-4.648134413306755e-06,2.0187313900066e-05,2.0185322533599123e-05
0.0466,4.3804990072656e-05,4.380221740006229e-05,-4.6490169728538e-06,-4.64921595041837e-06,2.0176496941173e-05,2.0174507162482977e-05
0.0468,4.3744424396295e-05,4.3741473262663786e-05,-4.6500965628165e-06,-4.650295386504401e-06,2.0165701041352e-05,2.016371280162267e-05
0.047,4.3683840006687e-05,4.368071219956099e-05,-4.6511740573713e-06,-4.651372732021076e-06,2.015492609554e-05,2.0152939346455925e-05
0.0472,4.3623238745847e-05,4.361993604712665e-05,-4.6522494669063e-06,-4.652447997287816e-06,2.0144172000001e-05,2.0142186693788516e-05
0.0474,4.3562622434535e-05,4.3559146609619e-05,-4.6533228016417e-06,-4.653521192489511e-06,2.0133438653082e-05,2.0131454741771563e-05
0.0476,4.3501992854346e-05,4.349834565968749e-05,-4.6543940716783e-06,-4.654592327678747e-06,2.0122725952893e-05,2.0120743389879202e-05
0.0478,4.3441351759214e-05,4.343753493887154e-05,-4.6554632869607e-06,-4.655661412778001e-06,2.0112033799817e-05,2.0110052538886662e-05
0.048,4.3380700877967e-05,4.3376716158092186e-05,-4.6565304574072e-06,-4.656728457581795e-06,2.0101362095279e-05,2.0099382090848732e-05
0.0482,4.3320041896727e-05,4.331589099813684e-05,-4.6575955926747e-06,-4.657793471758807e-06,2.0090710742786e-05,2.008873194907861e-05
0.0484,4.3259376482796e-05,4.325506111013708e-05,-4.6586587023752e-06,-4.658856464853953e-06,2.0080079645695e-05,2.007810201812714e-05
0.0486,4.3198706270896e-05,4.319422811603971e-05,-4.6597197960141e-06,-4.6599174462904264e-06,2.0069468709088e-05,2.006749220376241e-05
0.0488,4.3138032862855e-05,4.3133393609070964e-05,-4.6607788830439e-06,-4.660976425371699e-06,2.005887783997e-05,2.0056902412949693e-05
0.049,4.3077357837575e-05,4.307255915419406e-05,-4.6618359723017e-06,-4.662033411283491e-06,2.0048306945764e-05,2.0046332553831767e-05
0.0492,4.3016682747019e-05,4.301172628856005e-05,-4.6628910733498e-06,-4.663088413095711e-06,2.003775593528e-05,2.0035782535709572e-05
0.0494,4.2956009109422e-05,4.29508965219522e-05,-4.6639441951371e-06,-4.6641414397643465e-06,2.002722471833e-05,2.002525226902321e-05
0.0496,4.2895338424104e-05,4.2890071337223866e-05,-4.6649953463311e-06,-4.66519250013334e-06,2.0016713206307e-05,2.0014741665333276e-05
0.0498,4.2834672160862e-05,4.282925219072975e-05,-4.66604453591e-06,-4.666241602936416e-06,2.0006221310927e-05,2.000425063730251e-05
0.05,4.2774011760509e-05,4.276844051275109e-05,-4.6670917724066e-06,-4.667288756798889e-06,1.9995748945034e-05,1.9993779098677787e-05
0.0502,4.2713358642045e-05,4.2707637707914344e-05,-4.6681370644921e-06,-4.66833397023943e-06,1.9985296024269e-05,1.9983326964272383e-05
0.0504,4.2652714195149e-05,4.264684515560371e-05,-4.6691804206186e-06,-4.669377251671805e-06,1.9974862462893e-05,1.997289414994863e-05
0.0506,4.2592079788821e-05,4.258606421036753e-05,-4.6702218491313e-06,-4.670418609406591e-06,1.9964448177756e-05,1.9962480572600763e-05
0.0508,4.253145676394e-05,4.252529620231856e-05,-4.6712613582844e-06,-4.671458051652851e-06,1.9954053086387e-05,1.995208615013816e-05
0.051,4.2470846441747e-05,4.2464542437528304e-05,-4.6722989562259e-06,-4.672495586519786e-06,1.9943677106968e-05,1.9941710801468815e-05
0.0512,4.2410250116227e-05,4.240380419841535e-05,-4.6733346510611e-06,-4.673531222018354e-06,1.993332015895e-05,1.993135444648314e-05
0.0514,4.2349669061799e-05,4.2343082744127825e-05,-4.6743684506889e-06,-4.674564966062868e-06,1.9922982162548e-05,1.9921017006037997e-05
0.0516,4.2289104525474e-05,4.228237931092019e-05,-4.6754003630173e-06,-4.675596826472563e-06,1.9912663039182e-05,1.991069840194104e-05
0.0518,4.2228557734322e-05,4.2221695112524115e-05,-4.6764303958451e-06,-4.676626810973133e-06,1.9902362711302e-05,1.990039855693534e-05
0.052,4.2168029893393e-05,4.2161031340513875e-05,-4.6774585567553e-06,-4.6776549271982445e-06,1.9892081102151e-05,1.989011739468424e-05
0.0522,4.2107522183841e-05,4.2100389164666076e-05,-4.678484853427e-06,-4.678681182691021e-06,1.9881818135585e-05,1.9879854839756467e-05
0.0524,4.2047035768499e-05,4.20397697333139e-05,-4.6795092933303e-06,-4.679705584905512e-06,1.9871573736332e-05,1.986961081761156e-05
0.0526,4.19865717837e-05,4.1979174173695946e-05,-4.6805318838725e-06,-4.680728141208121e-06,1.9861347831179e-05,1.9859385254585463e-05
0.0528,4.1926131353402e-05,4.19186035922996e-05,-4.6815526322311e-06,-4.681748858879023e-06,1.9851140345705e-05,1.984917807787644e-05
0.053,4.1865715574931e-05,4.18580590751993e-05,-4.6825715459771e-06,-4.6827677451135495e-06,1.9840951208567e-05,1.983898921553118e-05
0.0532,4.1805325525642e-05,4.1797541688389293e-05,-4.6835886320682e-06,-4.683784807023551e-06,1.9830780347231e-05,1.9828818596431163e-05
0.0534,4.1744962264226e-05,4.1737052478111575e-05,-4.6846038976276e-06,-4.684800051638743e-06,1.9820627691858e-05,1.9818666150279248e-05
0.0536,4.16846268302e-05,4.167659247117847e-05,-4.6856173496149e-06,-4.6858134859080166e-06,1.9810493172115e-05,1.980853180758651e-05
0.0538,4.1624320243137e-05,4.1616162675290335e-05,-4.686628994957e-06,-4.686825116700741e-06,1.9800376718764e-05,1.9798415499659268e-05
0.054,4.1564043509651e-05,4.155576407934825e-05,-4.687638840473e-06,-4.687834950808031e-06,1.9790278263602e-05,1.9788317158586372e-05
0.0542,4.1503797608419e-05,4.14953976537619e-05,-4.6886468929379e-06,-4.688842994944002e-06,1.9780197738713e-05,1.9778236717226664e-05
0.0544,4.1443583504252e-05,4.143506435075253e-05,-4.6896531590492e-06,-4.689849255746998e-06,1.9770135077773e-05,1.9768174109196696e-05
0.0546,4.1383402144703e-05,4.137476510465128e-05,-4.6906576453853e-06,-4.690853739780806e-06,1.9760090214354e-05,1.9758129268858607e-05
0.0548,4.132325445722e-05,4.131450083219279e-05,-4.6916603584857e-06,-4.69185645353584e-06,1.9750063083345e-05,1.974810213130828e-05
0.055,4.1263141354692e-05,4.1254272432804114e-05,-4.6926613048296e-06,-4.69285740343031e-06,1.9740053620133e-05,1.9738092632363585e-05
0.0552,4.120306373163e-05,4.119408078888924e-05,-4.6936604907808e-06,-4.693856595811373e-06,1.9730061760739e-05,1.972810070855295e-05
0.0554,4.1143022465575e-05,4.113392676610899e-05,-4.6946579226537e-06,-4.694854036956266e-06,1.9720087441813e-05,1.9718126297104024e-05
0.0556,4.1083018418694e-05,4.107381121365654e-05,-4.6956536067416e-06,-4.695849733073408e-06,1.9710130600965e-05,1.9708169335932593e-05
0.0558,4.1023052434634e-05,4.1013734964528665e-05,-4.6966475491715e-06,-4.6968436903035024e-06,1.9700191176446e-05,1.969822976363165e-05
0.056,4.0963125343513e-05,4.095369883579257e-05,-4.6976397561089e-06,-4.697835914720602e-06,1.969026910718e-05,1.968830751946066e-05
0.0562,4.0903237955828e-05,4.0893703628848515e-05,-4.6986302335776e-06,-4.698826412333168e-06,1.9680364332574e-05,1.9678402543335e-05
0.0564,4.0843391072305e-05,4.083375012968838e-05,-4.6996189875607e-06,-4.6998151890851076e-06,1.9670476792713e-05,1.9668514775815598e-05
0.0566,4.0783585475474e-05,4.077383910914996e-05,-4.700606023983e-06,-4.700802250856796e-06,1.9660606428592e-05,1.9658644158098722e-05
0.0568,4.0723821933485e-05,4.071397132316735e-05,-4.7015913486828e-06,-4.701787603466074e-06,1.9650753181496e-05,1.964879063200594e-05
0.057,4.0664101198848e-05,4.065414751301725e-05,-4.7025749674907e-06,-4.70277125266924e-06,1.964091699343e-05,1.963895413997427e-05
0.0572,4.0604424007827e-05,4.0594368405561386e-05,-4.7035568861014e-06,-4.7037532041620194e-06,1.9631097807103e-05,1.9629134625046484e-05
0.0574,4.0544791086521e-05,4.053463471348503e-05,-4.704537110235e-06,-4.7047334635805115e-06,1.9621295565946e-05,1.9619332030861555e-05
0.0576,4.0485203144851e-05,4.047494713553178e-05,-4.7055156454956e-06,-4.705712036502137e-06,1.9611510213483e-05,1.9609546301645307e-05
0.0578,4.0425660877533e-05,4.0415306356734454e-05,-4.7064924973954e-06,-4.70668892844655e-06,1.9601741694501e-05,1.959977738220118e-05
0.058,4.0366164968631e-05,4.03557130486424e-05,-4.7074676714843e-06,-4.707664144876551e-06,1.9591989953268e-05,1.9590025217901166e-05
0.0582,4.0306716087329e-05,4.0296167869545144e-05,-4.7084411731965e-06,-4.708637691198977e-06,1.9582254936639e-05,1.9580289754676902e-05
0.0584,4.024731489217e-05,4.0236671464692386e-05,-4.7094130078954e-06,-4.709609572765576e-06,1.95725365893e-05,1.9570570939010923e-05
0.0586,4.0187962026413e-05,4.017722446651052e-05,-4.7103831809485e-06,-4.7105797948738666e-06,1.9562834859234e-05,1.9560868717928006e-05
0.0588,4.0128658116867e-05,4.011782749481564e-05,-4.7113516976082e-06,-4.711548362767994e-06,1.9553149692511e-05,1.9551183038986735e-05
0.059,4.0069403784369e-05,4.005848115702316e-05,-4.7123185631088e-06,-4.712515281639553e-06,1.9543481037147e-05,1.9541513850271145e-05
0.0592,4.0010199633255e-05,3.999918604835402e-05,-4.7132837826603e-06,-4.713480556628414e-06,1.9533828841651e-05,1.953186110038254e-05
0.0594,3.9951046257491e-05,3.9939942752037554e-05,-4.71424736135e-06,-4.714444192823524e-06,1.9524193055069e-05,1.9522224738431438e-05
0.0596,3.9891944241883e-05,3.988075183951116e-05,-4.7152093042574e-06,-4.715406195263704e-06,1.9514573625954e-05,1.9512604714029643e-05
0.0598,3.9832894156046e-05,3.9821613870616656e-05,-4.7161696164027e-06,-4.716366568938422e-06,1.9504970504167e-05,1.9503000977282453e-05
0.06,3.9773896559081e-05,3.9762529393793535e-05,-4.7171283027806e-06,-4.717325318788567e-06,1.9495383640495e-05,1.9493413478781007e-05
0.0602,3.9714951997869e-05,3.970349894626902e-05,-4.7180853683259e-06,-4.7182824497071924e-06,1.9485812985699e-05,1.9483842169594746e-05
0.0604,3.9656061007796e-05,3.964452305424514e-05,-4.7190408178576e-06,-4.719237966540267e-06,1.9476258490132e-05,1.9474287001264012e-05
0.0606,3.9597224118644e-05,3.958560223308272e-05,-4.719994656261e-06,-4.7201918740873936e-06,1.9466720105963e-05,1.946474792579274e-05
0.0608,3.9538441841162e-05,3.952673698748236e-05,-4.7209468883108e-06,-4.721144177102534e-06,1.945719778541e-05,1.9455224895641338e-05
0.061,3.9479714675736e-05,3.946792781166255e-05,-4.7218975187678e-06,-4.722094880294709e-06,1.9447691480895e-05,1.9445717863719587e-05
0.0612,3.9421043121716e-05,3.940917518953484e-05,-4.7228465522956e-06,-4.723043988328692e-06,1.9438201145608e-05,1.9436226783379753e-05
0.0614,3.9362427664086e-05,3.935047959487624e-05,-4.7237939935752e-06,-4.723991505825691e-06,1.9428726732816e-05,1.942675160840976e-05
0.0616,3.9303868773738e-05,3.92918414914987e-05,-4.724739847191e-06,-4.724937437364018e-06,1.9419268196371e-05,1.94172922930265e-05
0.0618,3.9245366916659e-05,3.9233261333415955e-05,-4.7256841177421e-06,-4.725881787479748e-06,1.9409825490821e-05,1.9407848791869207e-05
0.062,3.9186922542341e-05,3.917473956500761e-05,-4.7266268097305e-06,-4.726824560667366e-06,1.940039857092e-05,1.9398421059993024e-05
0.0622,3.9128536099864e-05,3.911627662118049e-05,-4.7275679276458e-06,-4.727765761380408e-06,1.9390987391814e-05,1.93890090528626e-05
0.0624,3.9070208021366e-05,3.9057872927527526e-05,-4.7285074759373e-06,-4.728705394032085e-06,1.9381591909135e-05,1.9379612726345825e-05
0.0626,3.9011938734059e-05,3.899952890048387e-05,-4.7294454589953e-06,-4.7296434629959e-06,1.9372212078482e-05,1.9370232036707684e-05
0.0628,3.8953728652374e-05,3.894124494748063e-05,-4.7303818811943e-06,-4.730579972606251e-06,1.9362847856381e-05,1.936086694060417e-05
0.063,3.8895578186957e-05,3.888302146709593e-05,-4.731316746872e-06,-4.731514927159034e-06,1.9353499199698e-05,1.935151739507634e-05
0.0632,3.8837487738691e-05,3.882485884920367e-05,-4.7322500602885e-06,-4.732448330912225e-06,1.9344166065513e-05,1.9342183357544424e-05
0.0634,3.8779457695937e-05,3.876675747511978e-05,-4.7331818257229e-06,-4.733380188086456e-06,1.933484841142e-05,1.9332864785802115e-05
0.0636,3.8721488437177e-05,3.870871771774605e-05,-4.7341120473584e-06,-4.7343105028655846e-06,1.9325546194857e-05,1.932356163801083e-05
0.0638,3.8663580339768e-05,3.86507399417117e-05,-4.7350407293875e-06,-4.73523927939725e-06,1.9316259374594e-05,1.9314273872694175e-05
0.064,3.860573376881e-05,3.859282450351256e-05,-4.7359678759502e-06,-4.736166521793424e-06,1.9306987908957e-05,1.9305001448732443e-05
0.0642,3.8547949082025e-05,3.8534971751648056e-05,-4.7368934911426e-06,-4.737092234130946e-06,1.9297731757047e-05,1.9295744325357213e-05
0.0644,3.8490226625466e-05,3.847718202675583e-05,-4.7378175790514e-06,-4.73801642045206e-06,1.9288490878126e-05,1.9286502462146073e-05
0.0646,3.8432566742911e-05,3.841945566174432e-05,-4.7387401436895e-06,-4.738939084764931e-06,1.9279265231568e-05,1.9277275819017364e-05
0.0648,3.8374969768951e-05,3.836179298192302e-05,-4.7396611890807e-06,-4.739860231044162e-06,1.927005477756e-05,1.9268064356225053e-05
0.065,3.8317436027001e-05,3.830419430513071e-05,-4.7405807191823e-06,-4.740779863231296e-06,1.9260859476505e-05,1.9258868034353717e-05
0.0652,3.8259965838437e-05,3.824665994186158e-05,-4.741498737925e-06,-4.741697985235315e-06,1.9251679288824e-05,1.9249686814313536e-05
0.0654,3.820255951296e-05,3.818919019538917e-05,-4.7424152492395e-06,-4.742614600933126e-06,1.9242514176058e-05,1.924052065733542e-05
0.0656,3.8145217357468e-05,3.8131785361888476e-05,-4.7433302569547e-06,-4.743529714170045e-06,1.923336409879e-05,1.923136952496623e-05
0.0658,3.8087939669138e-05,3.807444573055587e-05,-4.7442437649247e-06,-4.744443328760266e-06,1.9224229019031e-05,1.922223337906402e-05
0.066,3.8030726736299e-05,3.8017171583727145e-05,-4.7451557769747e-06,-4.745355448487327e-06,1.9215108898657e-05,1.921311218179341e-05
0.0662,3.7973578840448e-05,3.7959963196993654e-05,-4.7460662968689e-06,-4.746266077104567e-06,1.9206003699716e-05,1.9204005895621008e-05
0.0664,3.7916496262591e-05,3.790282083931645e-05,-4.7469753283523e-06,-4.747175218335576e-06,1.9196913384824e-05,1.9194914483310914e-05
0.0666,3.7859479269963e-05,3.7845744773138636e-05,-4.7478828751479e-06,-4.748082875874638e-06,1.9187837916797e-05,1.9185837907920294e-05
0.0668,3.7802528131684e-05,3.778873525449583e-05,-4.748788940968e-06,-4.748989053387162e-06,1.9178777258641e-05,1.917677613279506e-05
0.067,3.774564309948e-05,3.7731792533124795e-05,-4.7496935294422e-06,-4.749893754510114e-06,1.9169731374153e-05,1.9167729121565537e-05
0.0672,3.7688824426199e-05,3.767491685257037e-05,-4.7505966441985e-06,-4.750796982852438e-06,1.9160700226182e-05,1.9158696838142306e-05
0.0674,3.7632072353049e-05,3.7618108450290535e-05,-4.7514982888706e-06,-4.751698741995464e-06,1.9151683779569e-05,1.9149679246712034e-05
0.0676,3.7575387128831e-05,3.756136755775984e-05,-4.7523984670306e-06,-4.752599035493325e-06,1.9142681998113e-05,1.9140676311733433e-05
0.0678,3.7518768976854e-05,3.750469440057108e-05,-4.7532971822171e-06,-4.753497866873346e-06,1.9133694846186e-05,1.913168799793321e-05
0.068,3.7462218125865e-05,3.744808919853531e-05,-4.7541944379527e-06,-4.754395239636449e-06,1.912472228885e-05,1.912271427030219e-05
0.0682,3.7405734804333e-05,3.739155216578025e-05,-4.7550902377366e-06,-4.75529115725753e-06,1.9115764291012e-05,1.9113755094091378e-05
0.0684,3.7349319220267e-05,3.7335083510846995e-05,-4.7559845850355e-06,-4.756185623185849e-06,1.9106820817816e-05,1.9104810434808193e-05
0.0686,3.7292971583886e-05,3.7278683436785244e-05,-4.7568774833152e-06,-4.7570786408453975e-06,1.909789183525e-05,1.90958802582127e-05
0.0688,3.7236692103017e-05,3.72223521412468e-05,-4.7577689359772e-06,-4.757970213635274e-06,1.9088977308602e-05,1.9086964530313942e-05
0.069,3.7180480976171e-05,3.716608981657775e-05,-4.7586589464292e-06,-4.75886034493004e-06,1.9080077204251e-05,1.9078063217366274e-05
0.0692,3.7124338398509e-05,3.710989664990892e-05,-4.7595475180351e-06,-4.7597490380800825e-06,1.9071191487984e-05,1.9069176285865852e-05
0.0694,3.7068264552983e-05,3.705377282324496e-05,-4.760434654143e-06,-4.760636296411961e-06,1.9062320126992e-05,1.9060303702547063e-05
0.0696,3.7012259628918e-05,3.699771851355192e-05,-4.7613203580804e-06,-4.761522123228756e-06,1.9053463087849e-05,1.9051445434379124e-05
0.0698,3.6956323804619e-05,3.6941733892843385e-05,-4.7622046331241e-06,-4.762406521810402e-06,1.9044620336903e-05,1.904260144856266e-05
0.07,3.6900457253499e-05,3.6885819128265234e-05,-4.763087482603e-06,-4.76328949541403e-06,1.9035791842208e-05,1.903377171252638e-05
0.0702,3.6844660143741e-05,3.682997438217892e-05,-4.763968909726e-06,-4.764171047274291e-06,1.9026977570876e-05,1.902495619392377e-05
0.0704,3.6788932639876e-05,3.677419981224345e-05,-4.7648489177433e-06,-4.76505118060368e-06,1.9018177490905e-05,1.9016154860629876e-05
0.0706,3.6733274900714e-05,3.671849557149598e-05,-4.765727509863e-06,-4.765929898592855e-06,1.9009391569736e-05,1.9007367680738133e-05
0.0708,3.6677687078933e-05,3.666286180843107e-05,-4.7666046892631e-06,-4.766807204410947e-06,1.9000619775555e-05,1.8998594622557217e-05
0.071,3.6622169325456e-05,3.6607298667078696e-05,-4.767480459127e-06,-4.7676831012058685e-06,1.8991862077111e-05,1.8989835654607995e-05
0.0712,3.6566721790028e-05,3.655180628708085e-05,-4.7683548225811e-06,-4.768557592104621e-06,1.8983118442223e-05,1.8981090745620464e-05
0.0714,3.6511344612772e-05,3.649638480376704e-05,-4.7692277827675e-06,-4.769430680213585e-06,1.8974388840758e-05,1.8972359864530824e-05
0.0716,3.6456037929609e-05,3.644103434822842e-05,-4.7700993427761e-06,-4.770302368618818e-06,1.8965673240593e-05,1.89636429804785e-05
0.0718,3.6400801871573e-05,3.6385755047390704e-05,-4.770969505693e-06,-4.77117266038634e-06,1.8956971611389e-05,1.8954940062803278e-05
0.072,3.6345636570146e-05,3.633054702408597e-05,-4.7718382746169e-06,-4.772041558562418e-06,1.8948283922334e-05,1.8946251081042504e-05
0.0722,3.6290542146942e-05,3.627541039712314e-05,-4.7727056525375e-06,-4.7729090661738435e-06,1.8939610143067e-05,1.8937576004928242e-05
0.0724,3.6235518728088e-05,3.622034528135742e-05,-4.7735716424952e-06,-4.77377518622821e-06,1.893095024314e-05,1.892891480438458e-05
0.0726,3.618056642431e-05,3.61653517877586e-05,-4.7744362475902e-06,-4.774639921714178e-06,1.8922304192913e-05,1.8920267449524904e-05
0.0728,3.6125685349297e-05,3.6110430023478026e-05,-4.7752994706175e-06,-4.775503275601743e-06,1.8913671962034e-05,1.891163391064925e-05
0.073,3.6070875617141e-05,3.6055580091914736e-05,-4.7761613147024e-06,-4.776365250842497e-06,1.8905053521331e-05,1.890301415824171e-05
0.0732,3.6016137330303e-05,3.6000802092780304e-05,-4.7770217827257e-06,-4.777225850369884e-06,1.8896448840888e-05,1.889440816296784e-05
0.0734,3.5961470587593e-05,3.5946096122162744e-05,-4.7778808776529e-06,-4.778085077099453e-06,1.8887857891746e-05,1.8885815895672143e-05
0.0736,3.5906875486997e-05,3.589146227258923e-05,-4.7787386023891e-06,-4.778942933929107e-06,1.8879280644461e-05,1.887723732737561e-05
0.0738,3.5852352125742e-05,3.583690063308791e-05,-4.779594959814e-06,-4.779799423739346e-06,1.8870717070292e-05,1.8868672429273216e-05
0.074,3.5797900594478e-05,3.57824112892486e-05,-4.7804499528117e-06,-4.780654549393509e-06,1.8862167140131e-05,1.886012117273159e-05
0.0742,3.574352098039e-05,3.572799432328251e-05,-4.7813035842519e-06,-4.7815083137380095e-06,1.8853630825646e-05,1.885158352928658e-05
0.0744,3.5689213366747e-05,3.5673649814081025e-05,-4.7821558569858e-06,-4.78236071960257e-06,1.8845108098323e-05,1.884305947064097e-05
0.0746,3.5634977832006e-05,3.561937783727338e-05,-4.7830067738337e-06,-4.78321176980045e-06,1.8836598930012e-05,1.883454896866217e-05
0.0748,3.5580814460666e-05,3.5565178465283576e-05,-4.7838563375988e-06,-4.784061467128669e-06,1.8828103292499e-05,1.882605199537998e-05
0.075,3.5526723322397e-05,3.5511051767386214e-05,-4.7847045510696e-06,-4.784909814368232e-06,1.8819621157498e-05,1.8817568522984352e-05
0.0752,3.5472704486386e-05,3.5456997809761344e-05,-4.7855514170739e-06,-4.785756814284344e-06,1.8811152497325e-05,1.880909852382323e-05
0.0754,3.5418758021663e-05,3.54030166555487e-05,-4.7863969383203e-06,-4.786602469626629e-06,1.880269728484e-05,1.8800641970400392e-05
0.0756,3.5364883995217e-05,3.534910836490062e-05,-4.7872411175979e-06,-4.787446783129334e-06,1.8794255492608e-05,1.8792198835373336e-05
0.0758,3.5311082469271e-05,3.529527299503449e-05,-4.7880839576048e-06,-4.788289757511545e-06,1.8785827092349e-05,1.8783769091551227e-05
0.076,3.5257353500064e-05,3.5241510600284036e-05,-4.7889254610719e-06,-4.789131395477384e-06,1.8777412057389e-05,1.8775352711892844e-05
0.0762,3.5203697145505e-05,3.51878212321499e-05,-4.7897656307174e-06,-4.789971699716214e-06,1.8769010361088e-05,1.8766949669504544e-05
0.0764,3.5150113460112e-05,3.5134204939349344e-05,-4.7906044692e-06,-4.790810672902836e-06,1.8760621975998e-05,1.8758559937638325e-05
0.0766,3.509660249139e-05,3.5080661767865146e-05,-4.7914419792295e-06,-4.791648317697682e-06,1.8752246875816e-05,1.8750183489689858e-05
0.0768,3.5043164288279e-05,3.502719176099366e-05,-4.7922781634372e-06,-4.792484636747009e-06,1.8743885033723e-05,1.8741820299196586e-05
0.077,3.4989798899211e-05,3.497379495939209e-05,-4.7931130244757e-06,-4.793319632683085e-06,1.8735536423365e-05,1.8733470339835823e-05
0.0772,3.4936506363235e-05,3.4920471401125015e-05,-4.793946564983e-06,-4.794153308124374e-06,1.8727201018307e-05,1.872513358542293e-05
0.0774,3.4883286719049e-05,3.486722112171008e-05,-4.7947787875721e-06,-4.794985665675721e-06,1.8718878792386e-05,1.8716810009909466e-05
0.0776,3.4830140007844e-05,3.481404415416295e-05,-4.7956096948338e-06,-4.795816707928527e-06,1.8710569719851e-05,1.87084995873814e-05
0.0778,3.4777066259274e-05,3.47609405290416e-05,-4.7964392893812e-06,-4.7966464374609305e-06,1.870227377455e-05,1.8700202292057367e-05
0.078,3.4724065509454e-05,3.4707910274489715e-05,-4.7972675737614e-06,-4.797474856837977e-06,1.8693990930343e-05,1.869191809828691e-05
0.0782,3.4671137787796e-05,3.465495341627952e-05,-4.7980945505563e-06,-4.79830196861179e-06,1.8685721162434e-05,1.8683646980548783e-05
0.0784,3.4618283122607e-05,3.460206997785378e-05,-4.7989202223139e-06,-4.799127775321742e-06,1.8677464444987e-05,1.867538891344926e-05
0.0786,3.456550154087e-05,3.454925998036722e-05,-4.7997445915889e-06,-4.799952279494617e-06,1.8669220752379e-05,1.866714387172051e-05
0.0788,3.4512793060805e-05,3.4496523442727195e-05,-4.800567660888e-06,-4.800775483644775e-06,1.8660990059339e-05,1.8658911830218932e-05
0.079,3.446015770471e-05,3.444386038163357e-05,-4.8013894327125e-06,-4.801597390274309e-06,1.8652772340924e-05,1.8650692763923585e-05
0.0792,3.4407595493161e-05,3.4391270811618224e-05,-4.8022099096131e-06,-4.802418001873208e-06,1.8644567572116e-05,1.86424866479346e-05
0.0794,3.4355106438769e-05,3.433875474508361e-05,-4.8030290940094e-06,-4.803237320919505e-06,1.8636375727951e-05,1.863429345747163e-05
0.0796,3.4302690558043e-05,3.4286312192340884e-05,-4.8038469884215e-06,-4.8040553498794345e-06,1.8628196783837e-05,1.862611316787233e-05
0.0798,3.4250347864398e-05,3.4233943161647194e-05,-4.8046635953145e-06,-4.804872091207581e-06,1.8620030715004e-05,1.861794575459087e-05
0.08,3.4198078365038e-05,3.418164765924258e-05,-4.8054789171365e-06,-4.805687547347025e-06,1.8611877497017e-05,1.8609791193196426e-05
0.0802,3.414588206848e-05,3.412942568938608e-05,-4.8062929563127e-06,-4.806501720729492e-06,1.8603737104983e-05,1.860164945937176e-05
0.0804,3.4093758978918e-05,3.407727725439136e-05,-4.807105715303e-06,-4.80731461377549e-06,1.859560951514e-05,1.8593520528911772e-05
0.0806,3.4041709107775e-05,3.402520235466162e-05,-4.8079171965089e-06,-4.808126228894456e-06,1.8587494703033e-05,1.858540437772211e-05
0.0808,3.3989732447192e-05,3.397320098872407e-05,-4.8087274023255e-06,-4.808936568484891e-06,1.8579392644819e-05,1.857730098181777e-05
0.081,3.3937829005062e-05,3.392127315326373e-05,-4.8095363351832e-06,-4.809745634934493e-06,1.85713033164e-05,1.8569210317321746e-05
0.0812,3.3885998775877e-05,3.386941884315669e-05,-4.8103439974347e-06,-4.810553430620299e-06,1.8563226693691e-05,1.856113236046369e-05
0.0814,3.3834241757509e-05,3.3817638051502826e-05,-4.8111503914844e-06,-4.811359957908809e-06,1.8555162753451e-05,1.855306708757858e-05
0.0816,3.3782557943638e-05,3.3765930769657995e-05,-4.8119555196736e-06,-4.812165219156123e-06,1.8547111471404e-05,1.8545014475105453e-05
0.0818,3.3730947330234e-05,3.3714296987265654e-05,-4.8127593843787e-06,-4.812969216708058e-06,1.8539072824181e-05,1.85369744995861e-05
0.082,3.3679409904352e-05,3.3662736692287946e-05,-4.8135619879284e-06,-4.813771952900285e-06,1.8531046788787e-05,1.8528947137663823e-05
0.0822,3.3627945659429e-05,3.361124987103634e-05,-4.814363332663e-06,-4.814573430058449e-06,1.8523033341602e-05,1.8520932366082193e-05
0.0824,3.3576554578317e-05,3.3559836508201705e-05,-4.8151634209002e-06,-4.815373650498283e-06,1.851503245921e-05,1.8512930161683843e-05
0.0826,3.3525236653334e-05,3.3508496586883835e-05,-4.8159622549671e-06,-4.816172616525741e-06,1.8507044118437e-05,1.8504940501409274e-05
0.0828,3.3473991866558e-05,3.345723008862063e-05,-4.8167598371615e-06,-4.816970330437102e-06,1.8499068296719e-05,1.849696336229565e-05
0.083,3.3422820200755e-05,3.340603699341661e-05,-4.8175561697668e-06,-4.817766794519099e-06,1.8491104970383e-05,1.8488998721475688e-05
0.0832,3.3371721636111e-05,3.335491727977115e-05,-4.8183512550862e-06,-4.8185620110490215e-06,1.8483154117342e-05,1.8481046556176464e-05
0.0834,3.3320696154495e-05,3.3303870924706054e-05,-4.81914509539e-06,-4.819355982294835e-06,1.8475215714195e-05,1.8473106843718325e-05
0.0836,3.326974373615e-05,3.325289790379278e-05,-4.8199376929345e-06,-4.820148710515288e-06,1.8467289738523e-05,1.846517956151379e-05
0.0838,3.3218864357785e-05,3.32019981911792e-05,-4.820729049996e-06,-4.8209401979600245e-06,1.845937616795e-05,1.8457264687066433e-05
0.084,3.3168057992041e-05,3.3151171759615924e-05,-4.8215191688216e-06,-4.821730446869684e-06,1.8451474979927e-05,1.8449362197969837e-05
0.0842,3.3117324617876e-05,3.310041858048211e-05,-4.8223080516312e-06,-4.822519459476014e-06,1.8443586152032e-05,1.844147207190653e-05
0.0844,3.3066664203541e-05,3.3049738623810947e-05,-4.8230957006453e-06,-4.823307238001971e-06,1.8435709661354e-05,1.8433594286646964e-05
0.0846,3.3016076719776e-05,3.2999131858314625e-05,-4.8238821181204e-06,-4.8240937846618195e-06,1.8427845486689e-05,1.8425728820048475e-05
0.0848,3.2965562140784e-05,3.294859825140898e-05,-4.8246673062532e-06,-4.824879101661238e-06,1.8419993605718e-05,1.8417875650054307e-05
0.085,3.2915120437273e-05,3.2898137769237624e-05,-4.8254512672576e-06,-4.825663191197409e-06,1.8412153995858e-05,1.8410034754692588e-05
0.0852,3.2864751572713e-05,3.284775037669575e-05,-4.8262340032972e-06,-4.826446055459128e-06,1.8404326635069e-05,1.8402206112075393e-05
0.0854,3.2814455512713e-05,3.2797436037453524e-05,-4.8270155165929e-06,-4.82722769662689e-06,1.8396511501991e-05,1.8394389700397773e-05
0.0856,3.2764232224104e-05,3.274719471397905e-05,-4.827795809317e-06,-4.8280081168729864e-06,1.8388708574919e-05,1.8386585497936816e-05
0.0858,3.2714081672536e-05,3.2697026367561016e-05,-4.8285748836356e-06,-4.828787318361597e-06,1.838091783172e-05,1.8378793483050715e-05
0.086,3.2664003819336e-05,3.26469309583309e-05,-4.829352741706e-06,-4.8295653032488815e-06,1.8373139251048e-05,1.837101363417786e-05
0.0862,3.26139986248e-05,3.259690844528482e-05,-4.8301293856868e-06,-4.8303420736830726e-06,1.8365372811157e-05,1.836324592983595e-05
0.0864,3.2564066052216e-05,3.254695878630509e-05,-4.8309048177484e-06,-4.831117631804557e-06,1.8357618490903e-05,1.8355490348621106e-05
0.0866,3.2514206059024e-05,3.249708193818129e-05,-4.8316790399764e-06,-4.83189197974597e-06,1.8349876268654e-05,1.834774686920698e-05
0.0868,3.2464418602974e-05,3.244727785663107e-05,-4.8324520545312e-06,-4.832665119632274e-06,1.8342146122804e-05,1.8340015470343933e-05
0.087,3.241470364218e-05,3.2397546496320645e-05,-4.8332238635449e-06,-4.83343705358085e-06,1.8334428032611e-05,1.8332296130858177e-05
0.0872,3.2365061133252e-05,3.234788781088476e-05,-4.8339944691308e-06,-4.834207783701574e-06,1.8326721976957e-05,1.8324588829650935e-05
0.0874,3.2315491030747e-05,3.22983017529466e-05,-4.8347638733802e-06,-4.8349773120969016e-06,1.831902793424e-05,1.8316893545697658e-05
0.0876,3.2265993286902e-05,3.224878827413713e-05,-4.8355320784142e-06,-4.835745640861949e-06,1.8311345883892e-05,1.8309210258047183e-05
0.0878,3.2216567856137e-05,3.2199347325114214e-05,-4.8362990863219e-06,-4.83651277208457e-06,1.8303675804951e-05,1.8301538945820975e-05
0.088,3.2167214692201e-05,3.2149978855581436e-05,-4.8370648991719e-06,-4.837278707845436e-06,1.8296017676639e-05,1.8293879588212327e-05
0.0882,3.2117933743969e-05,3.210068281430651e-05,-4.837829519056e-06,-4.8380434502181075e-06,1.8288371477674e-05,1.8286232164485608e-05
0.0884,3.2068724960898e-05,3.205145914913951e-05,-4.8385929480458e-06,-4.838807001269118e-06,1.8280737187774e-05,1.8278596653975498e-05
0.0886,3.2019588295617e-05,3.200230780703068e-05,-4.8393551882003e-06,-4.839569363058041e-06,1.8273114786054e-05,1.827097303608626e-05
0.0888,3.1970523690903e-05,3.1953228734048016e-05,-4.8401162415997e-06,-4.840330537637567e-06,1.82655042522e-05,1.8263361290291007e-05
0.089,3.1921531099403e-05,3.1904221875394534e-05,-4.8408761102572e-06,-4.841090527053572e-06,1.8257905565518e-05,1.8255761396130966e-05
0.089200000000001,3.1872610464526e-05,3.185528717542495e-05,-4.8416347962453e-06,-4.841849333345193e-06,1.8250318705468e-05,1.8248173333214744e-05
0.089400000000001,3.1823761734067e-05,3.18064245776635e-05,-4.8423923016086e-06,-4.842606958544888e-06,1.8242743652305e-05,1.8240597081217803e-05
0.089600000000001,3.1774984851451e-05,3.175763402481867e-05,-4.8431486283321e-06,-4.843363404678517e-06,1.8235180384722e-05,1.8233032619881507e-05
0.089800000000001,3.1726279762112e-05,3.17089154588005e-05,-4.8439037784839e-06,-4.844118673765405e-06,1.8227628883188e-05,1.822547992901263e-05
0.090000000000001,3.1677646407055e-05,3.166026882073609e-05,-4.8446577540694e-06,-4.844872767818403e-06,1.8220089127459e-05,1.8217938988482643e-05
0.090200000000001,3.1629084731042e-05,3.161169405098527e-05,-4.8454105570795e-06,-4.8456256888439614e-06,1.8212561097248e-05,1.821040977822706e-05
0.090400000000001,3.1580594674201e-05,3.156319108915593e-05,-4.8461621895453e-06,-4.846377438842188e-06,1.8205044772626e-05,1.8202892278244793e-05
0.090600000000001,3.1532176176527e-05,3.151475987411902e-05,-4.8469126534637e-06,-4.8471280198069164e-06,1.819754013353e-05,1.819538646859751e-05
0.090800000000001,3.1483829180192e-05,3.146640034402355e-05,-4.8476619508029e-06,-4.847877433725764e-06,1.8190047160043e-05,1.8187892329409033e-05
0.091000000000001,3.1435553622595e-05,3.1418112436310984e-05,-4.848410083569e-06,-4.848625682580197e-06,1.8182565832407e-05,1.818040984086471e-05
0.091200000000001,3.1387349444517e-05,3.1369896087729705e-05,-4.8491570537272e-06,-4.849372768345588e-06,1.8175096130886e-05,1.8172938983210794e-05
0.091400000000001,3.1339216582009e-05,3.132175123434905e-05,-4.8499028632645e-06,-4.85011869299128e-06,1.8167638035347e-05,1.8165479736753882e-05
0.091600000000001,3.129115497458e-05,3.1273677811573196e-05,-4.8506475141482e-06,-4.8508634584806385e-06,1.8160191526525e-05,1.81580320818603e-05
0.091800000000001,3.124316455514e-05,3.122567575415478e-05,-4.8513910083172e-06,-4.8516070667711145e-06,1.815275658484e-05,1.815059599895553e-05
0.092000000000001,3.1195245263669e-05,3.11777449962083e-05,-4.8521333477701e-06,-4.852349519814301e-06,1.8145333190468e-05,1.814317146852367e-05
0.092200000000001,3.1147397032852e-05,3.112988547122328e-05,-4.8528745343973e-06,-4.853090819555986e-06,1.813792132424e-05,1.8135758471106822e-05
0.092400000000001,3.1099619800339e-05,3.1082097112077194e-05,-4.8536145701818e-06,-4.853830967936209e-06,1.8130520966124e-05,1.812835698730459e-05
0.092600000000001,3.1051913498459e-05,3.103437985104827e-05,-4.8543534570585e-06,-4.854569966889317e-06,1.8123132097483e-05,1.8120966997773504e-05
0.092800000000001,3.1004278057561e-05,3.0986733619827936e-05,-4.8550911969511e-06,-4.855307818344016e-06,1.8115754698563e-05,1.8113588483226516e-05
0.093000000000001,3.0956713414914e-05,3.093915834953318e-05,-4.855827791878e-06,-4.856044524223424e-06,1.8108388749878e-05,1.8106221424432435e-05
0.093200000000001,3.0909219499763e-05,3.089165397071863e-05,-4.8565632436098e-06,-4.856780086445122e-06,1.8101034232914e-05,1.809886580221545e-05
0.093400000000001,3.0861796246534e-05,3.0844220413388426e-05,-4.8572975539958e-06,-4.857514506921209e-06,1.8093691128069e-05,1.8091521597454586e-05
0.093600000000001,3.0814443584549e-05,3.079685760700797e-05,-4.8580307252718e-06,-4.858247787558345e-06,1.8086359416116e-05,1.8084188791083232e-05
0.093800000000001,3.0767161440884e-05,3.074956548051541e-05,-4.8587627590467e-06,-4.8589799302578066e-06,1.8079039078076e-05,1.8076867364088614e-05
0.094000000000001,3.0719949752796e-05,3.07023439623329e-05,-4.8594936573172e-06,-4.859710936915534e-06,1.8071730095518e-05,1.8069557297511334e-05
0.094200000000001,3.0672808445283e-05,3.065519298037776e-05,-4.8602234219938e-06,-4.860440809422181e-06,1.8064432448824e-05,1.8062258572444873e-05
0.094400000000001,3.0625737449762e-05,3.060811246207342e-05,-4.860952054918e-06,-4.8611695496631545e-06,1.8057146119579e-05,1.8054971170035135e-05
0.094600000000001,3.0578736692358e-05,3.056110233436013e-05,-4.8616795580173e-06,-4.861897159518671e-06,1.8049871088596e-05,1.804769507147997e-05
0.094800000000001,3.0531806102057e-05,3.051416252370551e-05,-4.8624059331348e-06,-4.862623640863796e-06,1.804260733724e-05,1.804043025802872e-05
0.095000000000001,3.0484945607929e-05,3.0467292956114972e-05,-4.863131182186e-06,-4.863348995568492e-06,1.8035354846797e-05,1.8033176710981756e-05
0.095200000000001,3.0438155135401e-05,3.0420493557141924e-05,-4.8638553070019e-06,-4.864073225497662e-06,1.8028113598439e-05,1.802593441169006e-05
0.095400000000001,3.0391434610474e-05,3.0373764251897785e-05,-4.8645783094636e-06,-4.864796332511192e-06,1.8020883574226e-05,1.8018703341554756e-05
0.095600000000001,3.0344783960448e-05,3.032710496506187e-05,-4.865300191399e-06,-4.865518318463997e-06,1.8013664754689e-05,1.8011483482026706e-05
0.095800000000001,3.0298203109727e-05,3.0280515620891065e-05,-4.866020954705e-06,-4.8662391852060605e-06,1.8006457121676e-05,1.8004274814606075e-05
0.096000000000001,3.0251691984947e-05,3.0233996143229393e-05,-4.8667406012071e-06,-4.866958934582479e-06,1.7999260656519e-05,1.7997077320841892e-05
0.096200000000001,3.0205250510163e-05,3.0187546455517393e-05,-4.8674591327399e-06,-4.8676775684334995e-06,1.7992075341155e-05,1.7989890982331683e-05
0.096400000000001,3.0158878610558e-05,3.014116648080129e-05,-4.8681765511584e-06,-4.868395088594565e-06,1.7984901157108e-05,1.7982715780721026e-05
0.096600000000001,3.0112576208417e-05,3.009485614174212e-05,-4.8688928582711e-06,-4.869111496896351e-06,1.7977738085653e-05,1.7975551697703163e-05
0.096800000000001,3.0066343229127e-05,3.0048615360624565e-05,-4.8696080559334e-06,-4.869826795164806e-06,1.7970586109045e-05,1.796839871501862e-05
0.097000000000001,3.0020179595894e-05,3.0002444059365757e-05,-4.8703221459651e-06,-4.8705409852211875e-06,1.7963445209107e-05,1.7961256814454803e-05
0.097200000000001,2.9974085231463e-05,2.9956342159523898e-05,-4.8710351301526e-06,-4.871254068882106e-06,1.7956315367019e-05,1.7954125977845612e-05
0.097400000000001,2.992806005861e-05,2.991030958230667e-05,-4.8717470103381e-06,-4.871966047959559e-06,1.7949196565012e-05,1.7947006187071088e-05
0.097600000000001,2.9882103998515e-05,2.986434624857959e-05,-4.8724577883427e-06,-4.8726769242609654e-06,1.7942088784975e-05,1.793989742405702e-05
0.097800000000001,2.9836216973284e-05,2.9818452078874188e-05,-4.8731674659446e-06,-4.873386699589209e-06,1.7934992009011e-05,1.793279967077459e-05
0.098000000000001,2.9790398905563e-05,2.9772626993396003e-05,-4.8738760449621e-06,-4.874095375742666e-06,1.7927906219089e-05,1.7925712909240012e-05
0.098200000000001,2.9744649713713e-05,2.972687091203256e-05,-4.8745835271617e-06,-4.87480295451525e-06,1.7920831397033e-05,1.791863712151418e-05
0.098400000000001,2.969896932201e-05,2.9681183754361054e-05,-4.8752899143714e-06,-4.875509437696437e-06,1.7913767525001e-05,1.7911572289702313e-05
0.098600000000001,2.965335764781e-05,2.963556543965602e-05,-4.8759952083541e-06,-4.876214827071307e-06,1.7906714585127e-05,1.790451839595361e-05
0.098800000000001,2.9607814614493e-05,2.9590015886896887e-05,-4.8766994109039e-06,-4.876919124420576e-06,1.7899672559591e-05,1.7897475422460922e-05
0.099000000000001,2.9562340139203e-05,2.954453501477527e-05,-4.8774025237889e-06,-4.8776223315206274e-06,1.7892641430668e-05,1.789044335146041e-05
0.099200000000001,2.9516934143485e-05,2.9499122741702273e-05,-4.8781045487865e-06,-4.878324450143547e-06,1.788562118088e-05,1.7883422165231214e-05
0.099400000000001,2.9471596545022e-05,2.945377898581558e-05,-4.8788054876649e-06,-4.879025482057154e-06,1.7878611791977e-05,1.787641184609514e-05
0.099600000000001,2.9426327261956e-05,2.9408503664986535e-05,-4.8795053422063e-06,-4.879725429025036e-06,1.7871613246748e-05,1.786941237641632e-05
0.099800000000001,2.9381126218639e-05,2.9363296696826958e-05,-4.8802041141572e-06,-4.880424292806575e-06,1.7864625527277e-05,1.786242373860093e-05
0.1,2.9335993328393e-05,2.9318157998696154e-05,-4.8809018052573e-06,-4.88112207515698e-06,1.7857648616149e-05,1.7855445915096878e-05
