time,x,y,pressure,pressure_reference,normalized_error
0.01,0.0,0.0,5.0280107358641e-05,5.029365013234562e-05,-0.0002824232599650527
0.01,0.01,0.0,5.0279367114155e-05,5.0293384360577675e-05,-0.00029231799310625077
0.01,0.02,0.0,5.0278626869669e-05,5.0292583527124724e-05,-0.00029105446069119234
0.01,0.03,0.0,5.0277119270283e-05,5.029123705209572e-05,-0.0002944145748861355
0.01,0.04,0.0,5.0274844315997e-05,5.028932721757611e-05,-0.0003020288433476151
0.01,0.05,0.0,5.027256936171e-05,5.028682904065446e-05,-0.0002973737213208207
0.01,0.06,0.0,5.0268594743396e-05,5.028371009601036e-05,-0.00031521808264532686
0.01,0.07,0.0,5.0264620125081e-05,5.027993028842515e-05,-0.00031928069807282396
0.01,0.08,0.0,5.0259654405893e-05,5.027544157570407e-05,-0.00032922827043502023
0.01,0.09,0.0,5.0253697585831e-05,5.027018764263454e-05,-0.0003438863929238686
0.01,0.1,0.0,5.0247740765769e-05,5.0264103526761306e-05,-0.0003412317448604136
0.01,0.11,0.0,5.0239390260978e-05,5.025711519693568e-05,-0.0003696387686174914
0.01,0.12,0.0,5.0231039756186e-05,5.024913908579325e-05,-0.0003774464361844924
0.01,0.13,0.0,5.0221214327644e-05,5.0240081577538554e-05,-0.0003934607738427504
0.01,0.14,0.0,5.0209913975353e-05,5.0229838452663076e-05,-0.0004155083705705095
0.01,0.15,0.0,5.0198613623062e-05,5.021829429150139e-05,-0.0004104239397464908
0.01,0.16,0.0,5.018364267759e-05,5.020532183883595e-05,-0.00045210084181647274
0.01,0.17,0.0,5.0168671732118e-05,5.019078133209594e-05,-0.0004610772828732582
0.01,0.18,0.0,5.0151410957419e-05,5.017451979606115e-05,-0.0004819155725164853
0.01,0.19,0.0,5.0131860353495e-05,5.015637030737596e-05,-0.000511134663225861
0.01,0.2,0.0,5.011230974957e-05,5.0136151232599776e-05,-0.0004971942606834907
0.01,0.21,0.0,5.0087055037443e-05,5.011366544396968e-05,-0.0005549378527752396
0.01,0.22,0.0,5.0061800325316e-05,5.008869951752267e-05,-0.0005609602374764967
0.01,0.23,0.0,5.0033008800726e-05,5.006102291871983e-05,-0.000584211085663128
0.01,0.24,0.0,5.0000680463671e-05,5.0030387181225714e-05,-0.0006195088390055599
0.01,0.25,0.0,4.9968352126617e-05,4.999652508502223e-05,-0.0005875235700756863
0.01,0.26,0.0,4.992730427439e-05,4.995914984057023e-05,-0.0006641127447169272
0.01,0.27,0.0,4.9886256422164e-05,4.9917954286270004e-05,-0.0006610325410438963
0.01,0.28,0.0,4.9839871854138e-05,4.987261010700604e-05,-0.000682728981685588
0.01,0.29,0.0,4.9788150570315e-05,4.9822767082086766e-05,-0.0007218985059070975
0.01,0.3,0.0,4.9736429286491e-05,4.976805237139911e-05,-0.0006594730831879145
0.01,0.31,0.0,4.9671742236488e-05,4.970806984907909e-05,-0.0007575820875765979
0.01,0.32,0.0,4.9607055186485e-05,4.9642399494452056e-05,-0.0007370760890629458
0.01,0.33,0.0,4.9534556286585e-05,4.95705968504035e-05,-0.0007515959246315611
0.01,0.34,0.0,4.9454245536789e-05,4.949219255969805e-05,-0.0007913535402492162
0.01,0.35,0.0,4.9373934786993e-05,4.940669199006303e-05,-0.0006831241723562493
0.01,0.36,0.0,4.9274955145473e-05,4.9313574959078564e-05,-0.0008053840295660832
0.01,0.37,0.0,4.9175975503953e-05,4.921229557006526e-05,-0.0007574247120493415
0.01,0.38,0.0,4.9065938389526e-05,4.910228217022025e-05,-0.0007579192598946937
0.01,0.39,0.0,4.8944843802192e-05,4.898293744221457e-05,-0.0007944111179706864
0.01,0.4,0.0,4.8823749214858e-05,4.8853638640320926e-05,-0.0006233190601748387
0.01,0.41,0.0,4.8676690020639e-05,4.871373798188399e-05,-0.0007726043584631833
0.01,0.42,0.0,4.8529630826421e-05,4.856256320456507e-05,-0.0006867773025460867
0.01,0.43,0.0,4.8367468166844e-05,4.839941829928781e-05,-0.000666293387005189
0.01,0.44,0.0,4.8190202041909e-05,4.822358442816982e-05,-0.0006961618468142522
0.01,0.45,0.0,4.8012935916973e-05,4.803432103595013e-05,-0.00044596883533562574
0.01,0.46,0.0,4.7800855309766e-05,4.783086716250293e-05,-0.0006258721789513862
0.01,0.47,0.0,4.7588774702559e-05,4.7612442962972025e-05,-0.0004935818473633111
0.01,0.48,0.0,4.7356823684206e-05,4.737825144085899e-05,-0.0004468580085343039
0.01,0.49,0.0,4.7105002254708e-05,4.712748039806155e-05,-0.00046876294785219437
0.01,0.5,0.0,4.6853180825209e-05,4.685930460438466e-05,-0.00012770631155900608
0.01,0.51,0.0,4.6556440910914e-05,4.657288818744581e-05,-0.00034299424600717384
0.01,0.52,0.0,4.6259700996618e-05,4.626738724217338e-05,-0.00016029024585292512
0.01,0.53,0.0,4.5937832228263e-05,4.594195265726294e-05,-8.592811310287679e-05
0.01,0.54,0.0,4.5590834605849e-05,4.5595733154024686e-05,-0.00010215514008046146
0.01,0.55,0.0,4.5243836983435e-05,4.522787853103822e-05,0.0003328002260245135
0.01,0.56,0.0,4.4841193279303e-05,4.4837543105944736e-05,7.612132357552722e-05
0.01,0.57,0.0,4.4438549575171e-05,4.44238893435707e-05,0.0003057269131645404
0.01,0.58,0.0,4.4005431142966e-05,4.398609165740967e-05,0.0004033088550392173
0.01,0.59,0.0,4.3541837982688e-05,4.352334036931171e-05,0.00038575231228474483
0.01,0.6,0.0,4.3078244822409e-05,4.303484581006574e-05,0.0009050502365750634
0.01,0.61,0.0,4.2548637524044e-05,4.2519842541433286e-05,0.0006004953665275891
0.01,0.62,0.0,4.2019030225679e-05,4.1977593678126795e-05,0.0008641246687449457
0.01,0.63,0.0,4.1454087613136e-05,4.14073952862483e-05,0.0009737295669705612
0.01,0.64,0.0,4.0853809686416e-05,4.0808580832839466e-05,0.0009432100506273248
0.01,0.65,0.0,4.0253531759696e-05,4.018052565946982e-05,0.001522481381800065
0.01,0.66,0.0,3.9578515046025e-05,3.952265145123009e-05,0.0011649887164521938
0.01,0.67,0.0,3.8903498332354e-05,3.883443067112732e-05,0.0014403485184980693
0.01,0.68,0.0,3.8189464413199e-05,3.8115390928724346e-05,0.0015447407908152197
0.01,0.69,0.0,3.743641328856e-05,3.736511925094544e-05,0.00148677774275354
0.01,0.7,0.0,3.6683362163922e-05,3.6583266222310254e-05,0.0020874174490283118
0.01,0.71,0.0,3.5849934050742e-05,3.57695499614718e-05,0.0016763431949889892
0.01,0.72,0.0,3.5016505937563e-05,3.492375990084141e-05,0.0019341413074649223
0.01,0.73,0.0,3.4142278668848e-05,3.4045760336296436e-05,0.0020128093934190564
0.01,0.74,0.0,3.3227252244598e-05,3.313549371449481e-05,0.0019135476798601962
0.01,0.75,0.0,3.2312225820349e-05,3.21929836261721e-05,0.002486696591063985
0.01,0.76,0.0,3.1315647938397e-05,3.121833747497397e-05,0.0020293286226344847
0.01,0.77,0.0,3.0319070056445e-05,3.021174879288042e-05,0.002238095517253013
0.01,0.78,0.0,2.928243232144e-05,2.9173499175102732e-05,0.002271709989241809
0.01,0.79,0.0,2.8205734733383e-05,2.8103959809470887e-05,0.002122431225750511
0.01,0.8,0.0,2.7129037145325e-05,2.700359257776816e-05,0.0026160419192582584
0.01,0.81,0.0,2.597511484815e-05,2.5872950709190672e-05,0.002130547981214322
0.01,0.82,0.0,2.4821192550974e-05,2.4712678969096783e-05,0.0022629603220644784
0.01,0.83,0.0,2.3630853561847e-05,2.3523513369436437e-05,0.0022384902625619254
0.01,0.84,0.0,2.2404097880769e-05,2.2306280390689565e-05,0.0020399022410315247
0.01,0.85,0.0,2.1177342199691e-05,2.1061895708761885e-05,0.002407540362917554
0.01,0.86,0.0,1.9883623558764e-05,1.979136242405533e-05,0.0019240290800703868
0.01,0.87,0.0,1.8589904917838e-05,1.84957687938084e-05,0.0019631304198672707
0.01,0.88,0.0,1.7266344438719e-05,1.717628547275518e-05,0.0018781046860371553
0.01,0.89,0.0,1.5912942121408e-05,1.5834162271136044e-05,0.001642888127546424
0.01,0.9,0.0,1.4559539804097e-05,1.447072444307075e-05,0.00185217034140158
0.01,0.91,0.0,1.3155018647178e-05,1.3087368522229461e-05,0.0014107869806976388
0.01,0.92,0.0,1.1750497490259e-05,1.1685557725571815e-05,0.001354264676080652
0.01,0.93,0.0,1.0325255317654e-05,1.0266816949622358e-05,0.001218683466659889
0.01,0.94,0.0,8.8792921293628e-06,8.832727387273955e-06,0.0009710688923111258
0.01,0.95,0.0,7.4333289410719e-06,7.3849207964201206e-06,0.0010095115165923141
0.01,0.96,0.0,5.9564942202226e-06,5.925073454773967e-06,0.0006552538794600293
0.01,0.97,0.0,4.4796594993734e-06,4.4548998380019295e-06,0.0005163421048508807
0.01,0.98,0.0,2.992993711159e-06,2.976146060752733e-06,0.00035134370951402446
0.01,0.99,0.0,1.4964968555795e-06,1.490583122268474e-06,0.0001233259800903551
0.01,1.0,0.0,8.3072263267175e-21,0.0,1.7324028235508788e-16
0.02,0.0,0.0,5.0289812325554e-05,5.0320217677966926e-05,-0.0006340782867778174
0.02,0.01,0.0,5.0283575050886e-05,5.0317703634444106e-05,-0.0007117231696180383
0.02,0.02,0.0,5.0277337776217e-05,5.031015557064946e-05,-0.000684387754726983
0.02,0.03,0.0,5.0264817431084e-05,5.029755569458916e-05,-0.0006827292035138837
0.02,0.04,0.0,5.0246014015486e-05,5.027987437858348e-05,-0.0007061296554285927
0.02,0.05,0.0,5.0227210599888e-05,5.025707019782539e-05,-0.0006226970319859603
0.02,0.06,0.0,5.019556695666e-05,5.022908998454929e-05,-0.0006990948107745004
0.02,0.07,0.0,5.0163923313433e-05,5.0195868897993516e-05,-0.0006661985446890818
0.02,0.08,0.0,5.0125632299405e-05,5.0157330510390426e-05,-0.000661039774925264
0.02,0.09,0.0,5.0080693914578e-05,5.0113386909263694e-05,-0.0006817851600078893
0.02,0.1,0.0,5.003575552975e-05,5.0063938816356644e-05,-0.0005877389561093681
0.02,0.11,0.0,4.9976890967614e-05,5.0008875723554795e-05,-0.0006670154311819601
0.02,0.12,0.0,4.9918026405478e-05,4.994807604620301e-05,-0.0006266602159527513
0.02,0.13,0.0,4.9851797095145e-05,4.988140729424751e-05,-0.0006174960271168299
0.02,0.14,0.0,4.9778203036614e-05,4.980872626166062e-05,-0.0006365364223263987
0.02,0.15,0.0,4.9704608978084e-05,4.972987923462663e-05,-0.0005269901416494241
0.02,0.16,0.0,4.9615316891894e-05,4.964470221898239e-05,-0.0006128065086559129
0.02,0.17,0.0,4.9526024805704e-05,4.95530211874154e-05,-0.0005629870436064944
0.02,0.18,0.0,4.9428321055874e-05,4.9454652346924375e-05,-0.0005491171321130271
0.02,0.19,0.0,4.9322205642404e-05,4.9349402427043544e-05,-0.0005671662796705321
0.02,0.2,0.0,4.9216090228935e-05,4.9237068989319916e-05,-0.00043749456552713415
0.02,0.21,0.0,4.9091879783463e-05,4.911744075851511e-05,-0.0005330528338992131
0.02,0.22,0.0,4.8967669337992e-05,4.8990297975976464e-05,-0.00047190138796764227
0.02,0.23,0.0,4.8833708532022e-05,4.885541277558961e-05,-0.00045262391273282913
0.02,0.24,0.0,4.8689997365554e-05,4.8712549582682894e-05,-0.00047030769470888216
0.02,0.25,0.0,4.8546286199087e-05,4.8561465536206574e-05,-0.00031655242618115444
0.02,0.26,0.0,4.8381549259779e-05,4.840191093445183e-05,-0.0004246257572396947
0.02,0.27,0.0,4.821681232047e-05,4.823362970451334e-05,-0.00035071252973726066
0.02,0.28,0.0,4.8040748746926e-05,4.805635989562595e-05,-0.00032555749684690083
0.02,0.29,0.0,4.7853358539145e-05,4.786983419642973e-05,-0.0003435861029587106
0.02,0.3,0.0,4.7665968331364e-05,4.767378047613161e-05,-0.00016291576900787156
0.02,0.31,0.0,4.7454214219577e-05,4.7467922349440935e-05,-0.0002858716248708859
0.02,0.32,0.0,4.7242460107791e-05,4.7251979765058335e-05,-0.00019852451926259616
0.02,0.33,0.0,4.7017638014795e-05,4.70256696173932e-05,-0.00016749237918331158
0.02,0.34,0.0,4.6779747940591e-05,4.678870638107709e-05,-0.00018682081097037996
0.02,0.35,0.0,4.6541857866387e-05,4.6540802767725454e-05,2.2003203337597796e-05
0.02,0.36,0.0,4.6276022442389e-05,4.628167040428253e-05,-0.00011778353865464343
0.02,0.37,0.0,4.6010187018392e-05,4.6011020532162156e-05,-1.7382235081816966e-05
0.02,0.38,0.0,4.5729468745742e-05,4.57285647262718e-05,1.8852572701400438e-05
0.02,0.39,0.0,4.5433867624439e-05,4.543401563288064e-05,-3.08659271011143e-06
0.02,0.4,0.0,4.5138266503137e-05,4.512708772516188e-05,0.00023312409902283228
0.02,0.41,0.0,4.4811096868253e-05,4.4807498075111015e-05,7.504983198176315e-05
0.02,0.42,0.0,4.4483927233368e-05,4.447496714041028e-05,0.00018685527188916655
0.02,0.43,0.0,4.4140095861752e-05,4.412921956468027e-05,0.00022681611185007572
0.02,0.44,0.0,4.3779602753404e-05,4.376998498943202e-05,0.00020057045283237895
0.02,0.45,0.0,4.3419109645055e-05,4.339699887590631e-05,0.0004611016649549645
0.02,0.46,0.0,4.3023617803273e-05,4.3010003334864824e-05,0.00028391839326219687
0.02,0.47,0.0,4.262812596149e-05,4.26087479622791e-05,0.00040411202521076483
0.02,0.48,0.0,4.2214353431329e-05,4.219299067874958e-05,0.0004455024027500848
0.02,0.49,0.0,4.1782300212789e-05,4.176249857037933e-05,0.00041294675108508266
0.02,0.5,0.0,4.1350246994249e-05,4.131704872872555e-05,0.0006923221622704075
0.02,0.51,0.0,4.0880215861687e-05,4.085642908735869e-05,0.0004960533563049151
0.02,0.52,0.0,4.0410184729126e-05,4.038043925247341e-05,0.0006203171276926044
0.02,0.53,0.0,3.9920546163688e-05,3.9888891324919384e-05,0.0006601352834872377
0.02,0.54,0.0,3.9411300165375e-05,3.938161071095359e-05,0.0006191488307464145
0.02,0.55,0.0,3.8902054167062e-05,3.885843691895999e-05,0.0009096013614606419
0.02,0.56,0.0,3.8352568757661e-05,3.831922433933777e-05,0.0006953700571155961
0.02,0.57,0.0,3.780308334826e-05,3.776384300472705e-05,0.0008183246640933695
0.02,0.58,0.0,3.7233087894508e-05,3.719217932772039e-05,0.0008531140698832314
0.02,0.59,0.0,3.6642582396404e-05,3.6604136813201404e-05,0.0008017505997040864
0.02,0.6,0.0,3.60520768983e-05,3.599963674245824e-05,0.001093595749950018
0.02,0.61,0.0,3.5420043882638e-05,3.537861882623883e-05,0.0008638850303243881
0.02,0.62,0.0,3.4788010866977e-05,3.4741041823950165e-05,0.0009795002514555087
0.02,0.63,0.0,3.4135110284014e-05,3.408688412625104e-05,0.0010057163316818253
0.02,0.64,0.0,3.3461342133749e-05,3.341614429835086e-05,0.0009425631923653623
0.02,0.65,0.0,3.2787573983483e-05,3.2728841581404936e-05,0.0012248153016696222
0.02,0.66,0.0,3.207218589795e-05,3.2025016349487315e-05,0.000983681625232283
0.02,0.67,0.0,3.1356797812417e-05,3.1304730519729165e-05,0.0010858199995941737
0.02,0.68,0.0,3.0620828149035e-05,3.05680679133304e-05,0.001100270748756375
0.02,0.69,0.0,2.9864276907804e-05,2.981513456528605e-05,0.001024822601259736
0.02,0.7,0.0,2.9107725666572e-05,2.9046058980816378e-05,0.0012860073425286815
0.02,0.71,0.0,2.8310823512811e-05,2.8260992336650088e-05,0.0010391876528557224
0.02,0.72,0.0,2.751392135905e-05,2.746010862548186e-05,0.0011222197146189081
0.02,0.73,0.0,2.6697431822986e-05,2.6643604742110347e-05,0.0011225189157610428
0.02,0.74,0.0,2.5861354904619e-05,2.5811700509957364e-05,0.0010355010220062216
0.02,0.75,0.0,2.5025277986252e-05,2.496463864687459e-05,0.0012645828899330426
0.02,0.76,0.0,2.4151568920437e-05,2.410268466935792e-05,0.0010194403193783156
0.02,0.77,0.0,2.3277859854622e-05,2.3226126734512747e-05,0.001078851108945056
0.02,0.78,0.0,2.2386287433576e-05,2.2335275419342923e-05,0.0010638130468189596
0.02,0.79,0.0,2.1476851657299e-05,2.1430463437171878e-05,0.0009673876739010411
0.02,0.8,0.0,2.0567415881023e-05,2.0512045291245292e-05,0.0011547075076559661
0.02,0.81,0.0,1.9624511611639e-05,1.958039686580901e-05,0.00091997626199624
0.02,0.82,0.0,1.8681607342256e-05,1.8635914955202948e-05,0.0009528766550021547
0.02,0.83,0.0,1.7723266092568e-05,1.767901673175942e-05,0.0009227835451956137
0.02,0.84,0.0,1.6749487862576e-05,1.671013915354289e-05,0.0008205845362946274
0.02,0.85,0.0,1.5775709632584e-05,1.5729738313213943e-05,0.0009586935560297071
0.02,0.86,0.0,1.477396553846e-05,1.4738288729544839e-05,0.0007440101192515989
0.02,0.87,0.0,1.3772221444337e-05,1.3736282583352904e-05,0.0007494749967725085
0.02,0.88,0.0,1.2758090874789e-05,1.2724228899852986e-05,0.0007061632689781408
0.02,0.89,0.0,1.1731573829816e-05,1.170265267965727e-05,0.0006031264856018721
0.02,0.9,0.0,1.0705056784844e-05,1.067209398087094e-05,0.000687411807854869
0.02,0.91,0.0,9.6572102339578e-06,9.633106954941983e-06,0.0005026537978090283
0.02,0.92,0.0,8.609363683072e-06,8.586258839124063e-06,0.00048183226649760617
0.02,0.93,0.0,7.552679760307e-06,7.532128908599762e-06,0.00042857088664470506
0.02,0.94,0.0,6.487158465663e-06,6.471307391487267e-06,0.00033056094270642267
0.02,0.95,0.0,5.4216371710189e-06,5.404394350116213e-06,0.00035958466090811315
0.02,0.96,0.0,4.3422638186172e-06,4.3319985321061455e-06,0.00021407399578260845
0.02,0.97,0.0,3.2628904662154e-06,3.254736194913536e-06,0.00017005053277428716
0.02,0.98,0.0,2.1785630320116e-06,2.173229907629386e-06,0.00011121786472075324
0.02,0.99,0.0,1.0892815160058e-06,1.0881073339093591e-06,2.4486589136194075e-05
0.02,1.0,0.0,6.0467270968411e-21,0.0,1.2609945466537378e-16
0.05,0.0,0.0,4.2774011760509e-05,4.276844051275109e-05,0.00011618372928472675
0.05,0.01,0.0,4.2762128322878e-05,4.2763678076053745e-05,-3.2318811019169036e-05
0.05,0.02,0.0,4.2750244885247e-05,4.2749391032566794e-05,1.7806386101755208e-05
0.05,0.03,0.0,4.2726479923547e-05,4.272558018355437e-05,1.8763327762912754e-05
0.05,0.04,0.0,4.2690833437778e-05,4.2692246869283354e-05,-2.947593618458879e-05
0.05,0.05,0.0,4.2655186952009e-05,4.2649392976250876e-05,0.0001208285361225265
0.05,0.06,0.0,4.2595789045763e-05,4.25970209472784e-05,-2.5690279519100492e-05
0.05,0.07,0.0,4.2536391139517e-05,4.2535133794447626e-05,2.6220883634284714e-05
0.05,0.08,0.0,4.24651274542e-05,4.246373511484688e-05,2.9036076926513216e-05
0.05,0.09,0.0,4.2381997989814e-05,4.238282910908964e-05,-1.733229989412338e-05
0.05,0.1,0.0,4.2298868525427e-05,4.229242060256025e-05,0.0001344660581170644
0.05,0.11,0.0,4.2192036320096e-05,4.21925150693348e-05,-9.983916417472898e-06
0.05,0.12,0.0,4.2085204114765e-05,4.208311865871917e-05,4.349044795572237e-05
0.05,0.13,0.0,4.1966539918938e-05,4.196423822433932e-05,4.799992277656617e-05
0.05,0.14,0.0,4.1836043732616e-05,4.183588135571268e-05,3.386235004764964e-06
0.05,0.15,0.0,4.1705547546294e-05,4.169805641222364e-05,0.00015622135842560195
0.05,0.16,0.0,4.1551437331699e-05,4.1550772559419805e-05,1.3863271905733019e-05
0.05,0.17,0.0,4.1397327117105e-05,4.1394039807540026e-05,6.855410155288642e-05
0.05,0.18,0.0,4.1231441202319e-05,4.122786905217952e-05,7.449421436709688e-05
0.05,0.19,0.0,4.1053779587342e-05,4.1052272116992174e-05,3.1437037920391176e-05
0.05,0.2,0.0,4.0876117972365e-05,4.0867261798324556e-05,0.00018468812946836858
0.05,0.21,0.0,4.0674981962294e-05,4.067285191167167e-05,4.442043068645909e-05
0.05,0.22,0.0,4.0473845952223e-05,4.046905733983912e-05,9.986252075549122e-05
0.05,0.23,0.0,4.0261019381322e-05,4.0255894082692525e-05,0.000106883831835499
0.05,0.24,0.0,4.0036502249591e-05,4.0033379308370237e-05,6.512633670796325e-05
0.05,0.25,0.0,3.981198511786e-05,3.9801531405831815e-05,0.00021800345292117824
0.05,0.26,0.0,3.9564198456496e-05,3.956037003861066e-05,7.983846465043827e-05
0.05,0.27,0.0,3.9316411795132e-05,3.930991619963614e-05,0.00013546023106980647
0.05,0.28,0.0,3.905705641336e-05,3.905019226698726e-05,0.0001431460524816098
0.05,0.29,0.0,3.878613231118e-05,3.8781222060436764e-05,0.00010239918737460518
0.05,0.3,0.0,3.8515208208999e-05,3.850303089864293e-05,0.00025394765971714623
0.05,0.31,0.0,3.8221301527686e-05,3.821564565684296e-05,0.00011794847320587997
0.05,0.32,0.0,3.7927394846372e-05,3.791909482490075e-05,0.00017309003109828254
0.05,0.33,0.0,3.7622086859885e-05,3.761340856556014e-05,0.00018097859623299707
0.05,0.34,0.0,3.7305377568227e-05,3.729861877275307e-05,0.00014094904727923933
0.05,0.35,0.0,3.6988668276568e-05,3.69747591298117e-05,0.0002900636646469967
0.05,0.36,0.0,3.6649363803249e-05,3.664186516743249e-05,0.0001563778010901503
0.05,0.37,0.0,3.6310059329931e-05,3.6299974321240244e-05,0.00021031445207179321
0.05,0.38,0.0,3.5959575880667e-05,3.59491259888e-05,0.0002179237866430762
0.05,0.39,0.0,3.5597913455459e-05,3.558936158592525e-05,0.00017834211256845096
0.05,0.4,0.0,3.5236251030251e-05,3.522072460213149e-05,0.0003237907197423398
0.05,0.41,0.0,3.485249997002e-05,3.4843260655085296e-05,0.00019267821353412593
0.05,0.42,0.0,3.4468748909789e-05,3.445701754390042e-05,0.00024464785946803154
0.05,0.43,0.0,3.4074105330413e-05,3.406204530113429e-05,0.0002515018605830333
0.05,0.44,0.0,3.3668569231891e-05,3.365839624334002e-05,0.00021214919874013784
0.05,0.45,0.0,3.3263033133368e-05,3.324612502003194e-05,0.000352604613529142
0.05,0.46,0.0,3.2836051937381e-05,3.2825288660924534e-05,0.00022445916110253812
0.05,0.47,0.0,3.2409070741393e-05,3.239594662130866e-05,0.0002736925875922287
0.05,0.48,0.0,3.1971556089899e-05,3.195816082543125e-05,0.0002793470777545484
0.05,0.49,0.0,3.1523507982898e-05,3.151199570774914e-05,0.00024007890466682644
0.05,0.5,0.0,3.1075459875897e-05,3.1057518251930876e-05,0.00037415761646026957
0.05,0.51,0.0,3.0606762989658e-05,3.059479802748495e-05,0.0002495193153171536
0.05,0.52,0.0,3.0138066103419e-05,3.012390722389732e-05,0.0002952716333583903
0.05,0.53,0.0,2.9659274600546e-05,2.9644920682165644e-05,0.00029933900622364
0.05,0.54,0.0,2.9170388481039e-05,2.9157915923622593e-05,0.0002601047911213403
0.05,0.55,0.0,2.8681502361532e-05,2.86629731759463e-05,0.00038641072440179854
0.05,0.56,0.0,2.817292918018e-05,2.816017539626066e-05,0.0002659695354845472
0.05,0.57,0.0,2.7664355998828e-05,2.7649608291234734e-05,0.000307551152101228
0.05,0.58,0.0,2.7146212146056e-05,2.7131360334095747e-05,0.0003097221619210861
0.05,0.59,0.0,2.6618497621866e-05,2.6605522778476707e-05,0.0002705795465142142
0.05,0.6,0.0,2.6090783097676e-05,2.6072189669025708e-05,0.000387750459977933
0.05,0.61,0.0,2.554451711108e-05,2.5531457848710418e-05,0.00027234003399901404
0.05,0.62,0.0,2.4998251124484e-05,2.498342696275823e-05,0.0003091455393228317
0.05,0.63,0.0,2.4443026571185e-05,2.442819945917882e-05,0.00030920706496223626
0.05,0.64,0.0,2.3878843451184e-05,2.386588058582307e-05,0.0002703297547143601
0.05,0.65,0.0,2.3314660331182e-05,2.32965783839393e-05,0.00037708394145717633
0.05,0.66,0.0,2.2733238801262e-05,2.272040367819481e-05,0.00026766579563033564
0.05,0.67,0.0,2.2151817271341e-05,2.2137470063137854e-05,0.0002991990710698044
0.05,0.68,0.0,2.1562137889392e-05,2.154789388608265e-05,0.00029704681901377735
0.05,0.69,0.0,2.0964200655415e-05,2.0951794226407172e-05,0.0002587257382674279
0.05,0.7,0.0,2.0366263421438e-05,2.034929287126086e-05,0.0003539066818191095
0.05,0.71,0.0,1.9752576407867e-05,1.9740514287686907e-05,0.0002515454645890195
0.05,0.72,0.0,1.9138889394296e-05,1.9125585591170987e-05,0.0002774397276695338
0.05,0.73,0.0,1.8517731497782e-05,1.8504636510635744e-05,0.00027308504444587965
0.05,0.74,0.0,1.7889102718327e-05,1.7877799349907763e-05,0.00023572232890948705
0.05,0.75,0.0,1.7260473938872e-05,1.7245208945691046e-05,0.0003183387119611676
0.05,0.76,0.0,1.6617752013506e-05,1.6607002622088133e-05,0.00022416960019340943
0.05,0.77,0.0,1.597503008814e-05,1.5963320141717274e-05,0.00024420117435726267
0.05,0.78,0.0,1.5325705286803e-05,1.5314303653481407e-05,0.0002377715615607009
0.05,0.79,0.0,1.4669777609497e-05,1.4660097637050976e-05,0.00020186775871810153
0.05,0.8,0.0,1.401384993219e-05,1.4000848844130344e-05,0.00027112685724405743
0.05,0.81,0.0,1.3345640501563e-05,1.3336706236583484e-05,0.0001863166509269969
0.05,0.82,0.0,1.2677431070936e-05,1.266782092150189e-05,0.00020041165799049456
0.05,0.83,0.0,1.2003559821148e-05,1.1994346083303328e-05,0.0001921448246357876
0.05,0.84,0.0,1.1324026752201e-05,1.1316436912956995e-05,0.00015827977256767923
0.05,0.85,0.0,1.0644493683253e-05,1.0634250534435954e-05,0.00021361233262214731
0.05,0.86,0.0,9.9546264219434e-06,9.947945928504164e-06,0.00013931612359740673
0.05,0.87,0.0,9.2647591606335e-06,9.25768385395047e-06,0.00014754962478566837
0.05,0.88,0.0,8.5702336628107e-06,8.563626766387613e-06,0.000137781319156454
0.05,0.89,0.0,7.871049928475e-06,7.865938734739183e-06,0.00010658968603233495
0.05,0.9,0.0,7.1718661941392e-06,7.164785355542587e-06,0.00014766498823353817
0.05,0.91,0.0,6.4644086725501e-06,6.460333665200169e-06,8.498088244334563e-05
0.05,0.92,0.0,5.756951150961e-06,5.752752050315392e-06,8.756874471361902e-05
0.05,0.93,0.0,5.045888805097e-06,5.042210156254794e-06,7.671515606350058e-05
0.05,0.94,0.0,4.3312216349583e-06,4.328878794079969e-06,4.885799415018029e-05
0.05,0.95,0.0,3.6165544648195e-06,3.6129298459974392e-06,7.558840501839127e-05
0.05,0.96,0.0,2.8957595407547e-06,2.8945361694772923e-06,2.5512388514275085e-05
0.05,0.97,0.0,2.1749646166899e-06,2.1738715001941607e-06,2.2796033588233564e-05
0.05,0.98,0.0,1.451653723726e-06,1.4511103539464369e-06,1.133152394463859e-05
0.05,0.99,0.0,7.25826861863e-07,7.264279277119852e-07,-1.2534727392379759e-05
0.05,1.0,0.0,4.0291484696586e-21,0.0,8.402453371100539e-17
0.1,0.0,0.0,2.9335993328393e-05,2.9318157998696154e-05,0.00037194093805296193
0.1,0.01,0.0,2.9327305843873e-05,2.931468453251635e-05,0.00026320693058342785
0.1,0.02,0.0,2.9318618359352e-05,2.9304264823493412e-05,0.0002993310290509726
0.1,0.03,0.0,2.930124877445e-05,2.9286900940061362e-05,0.0002992121296464034
0.1,0.04,0.0,2.9275197089167e-05,2.926259632922545e-05,0.00026277834794778394
0.1,0.05,0.0,2.9249145403884e-05,2.9231355815985052e-05,0.00037098703097594515
0.1,0.06,0.0,2.9205761810054e-05,2.9193185602525326e-05,0.0002622663278375602
0.1,0.07,0.0,2.9162378216224e-05,2.9148093267177736e-05,0.0002979007082356578
0.1,0.08,0.0,2.9110355559552e-05,2.9096087763148976e-05,0.00029754300415472696
0.1,0.09,0.0,2.9049693840037e-05,2.9037179417018053e-05,0.0002609778633742567
0.1,0.1,0.0,2.8989032120523e-05,2.8971379927001315e-05,0.00036812178573348176
0.1,0.11,0.0,2.8911167491739e-05,2.8898702360984765e-05,0.0002599499142705959
0.1,0.12,0.0,2.8833302862956e-05,2.881916115432339e-05,0.00029491354877591517
0.1,0.13,0.0,2.8746885067208e-05,2.8732772107406973e-05,0.0002943140158505461
0.1,0.14,0.0,2.8651914104494e-05,2.8639552382991796e-05,0.0002577934004938741
0.1,0.15,0.0,2.8556943141781e-05,2.853952050329763e-05,0.00036333460670529043
0.1,0.16,0.0,2.8444983675875e-05,2.8432696346869518e-05,0.000256242006968453
0.1,0.17,0.0,2.8333024209969e-05,2.831910114520348e-05,0.0002903539131308999
0.1,0.18,0.0,2.8212639974351e-05,2.819875747913566e-05,0.0002895078689699037
0.1,0.19,0.0,2.8083830969021e-05,2.8071689274993967e-05,0.00025320491085538557
0.1,0.2,0.0,2.7955021963692e-05,2.793792180051164e-05,0.0003566096529903992
0.1,0.21,0.0,2.7809523368052e-05,2.779748166050185e-05,0.0002511197762020745
0.1,0.22,0.0,2.7664024772413e-05,2.7650396792292523e-05,0.0002842001687624721
0.1,0.23,0.0,2.7510271765586e-05,2.7496696460920672e-05,0.0002831016660415238
0.1,0.24,0.0,2.7348264347572e-05,2.733641125408526e-05,0.00024718638708803295
0.1,0.25,0.0,2.7186256929557e-05,2.7169573076857904e-05,0.00034792784482905913
0.1,0.26,0.0,2.7007942080673e-05,2.699621514615044e-05,0.0002445554470225521
0.1,0.27,0.0,2.682962723179e-05,2.6816371984938585e-05,0.0002764271270471923
0.1,0.28,0.0,2.6643269567476e-05,2.6630079416240847e-05,0.0002750696122164014
0.1,0.29,0.0,2.6448869087733e-05,2.6437374556851786e-05,0.00023970886275200535
0.1,0.3,0.0,2.625446860799e-05,2.6238295810828955e-05,0.0003372702074626248
0.1,0.31,0.0,2.6044224464992e-05,2.603288286273255e-05,0.00023651966378560773
0.1,0.32,0.0,2.5833980321995e-05,2.5821176670617018e-05,0.0002670094797783244
0.1,0.33,0.0,2.5615945282952e-05,2.5603219458774106e-05,0.00026538645837648553
0.1,0.34,0.0,2.5390119347864e-05,2.5379054710226216e-05,0.00023074379740458022
0.1,0.35,0.0,2.5164293412775e-05,2.514872715896982e-05,0.00032462125122885747
0.1,0.36,0.0,2.49231671723e-05,2.4912282781967965e-05,0.00022698489004927574
0.1,0.37,0.0,2.4682040931826e-05,2.4669768790891517e-05,0.00025592527240457025
0.1,0.38,0.0,2.4433414934089e-05,2.442123362360838e-05,0.00025403107898124255
0.1,0.39,0.0,2.4177289179091e-05,2.4166726935420467e-05,0.00022026678987926195
0.1,0.4,0.0,2.3921163424094e-05,2.390629959004778e-05,0.00030997287250551965
0.1,0.41,0.0,2.365035790876e-05,2.364000365035936e-05,0.0002159294303967074
0.1,0.42,0.0,2.3379552393426e-05,2.3367892368850843e-05,0.00024316009582772772
0.1,0.43,0.0,2.3101576177427e-05,2.3090020177868322e-05,0.00024099074079657364
0.1,0.44,0.0,2.2816429260764e-05,2.280644267957849e-05,0.0002082618284727656
0.1,0.45,0.0,2.25312823441e-05,2.251721663568504e-05,0.0002933286275703089
0.1,0.46,0.0,2.2232150599802e-05,2.222239995689121e-05,0.00020334153236879646
0.1,0.47,0.0,2.1933018855504e-05,2.192205169210884e-05,0.0002287110533032217
0.1,0.48,0.0,2.1627081886907e-05,2.1616232017414065e-05,0.0002262649867172393
0.1,0.49,0.0,2.131433969401e-05,2.130500222475001e-05,0.00019472514019273283
0.1,0.5,0.0,2.1001597501113e-05,2.0988424710376964e-05,0.0002747075734744167
0.1,0.51,0.0,2.0675636604523e-05,2.0666562963070555e-05,0.0001892232311228859
0.1,0.52,0.0,2.0349675707933e-05,2.0339481552068704e-05,0.00021259062542002176
0.1,0.53,0.0,2.0017309785087e-05,2.0007246114768048e-05,0.00020986945810978945
0.1,0.54,0.0,1.9678538835985e-05,1.966992334417085e-05,0.0001796689022075699
0.1,0.55,0.0,1.9339767886883e-05,1.9327580976083363e-05,0.0002541478689673952
0.1,0.56,0.0,1.898861195513e-05,1.898028777606688e-05,0.00017359381754550318
0.1,0.57,0.0,1.8637456023377e-05,1.8628113526142763e-05,0.00019482999440565446
0.1,0.58,0.0,1.8280328089255e-05,1.8271129011252837e-05,0.00019183910583678304
0.1,0.59,0.0,1.7917228152765e-05,1.7909406005476835e-05,0.00016312436323858958
0.1,0.6,0.0,1.7554128216276e-05,1.754301725800854e-05,0.0002317097755359866
0.1,0.61,0.0,1.7179540626234e-05,1.717203647889236e-05,0.00015649273935376614
0.1,0.62,0.0,1.6804953036192e-05,1.679653832452261e-05,0.00017548179960542423
0.1,0.63,0.0,1.6424857202731e-05,1.641659838290737e-05,0.0001722308050719431
0.1,0.64,0.0,1.6039253125852e-05,1.603229315869933e-05,0.00014514431499632998
0.1,0.65,0.0,1.5653649048972e-05,1.5643700057996015e-05,0.00020747791597833565
0.1,0.66,0.0,1.5257513882608e-05,1.5250897372912008e-05,0.00013798179595183915
0.1,0.67,0.0,1.4861378716244e-05,1.4853964265925794e-05,0.00015462218267759564
0.1,0.68,0.0,1.4460227518448e-05,1.4452980754004192e-05,0.00015112523350523547
0.1,0.69,0.0,1.4054060289218e-05,1.4048027692507321e-05,0.00012580477723726652
0.1,0.7,0.0,1.3647893059988e-05,1.3639186758877315e-05,0.00018156265441238533
0.1,0.71,0.0,1.3232205795063e-05,1.3226540436114017e-05,0.00011814633974858776
0.1,0.72,0.0,1.2816518530138e-05,1.281017199604122e-05,0.00013235167980993624
0.1,0.73,0.0,1.2396333437451e-05,1.2390165482366911e-05,0.00012862756331609136
0.1,0.74,0.0,1.1971650517002e-05,1.196660569354135e-05,0.00010520558925230516
0.1,0.75,0.0,1.1546967596553e-05,1.1539578165416905e-05,0.00015410042848397942
0.1,0.76,0.0,1.1113825084719e-05,1.1109169153713548e-05,9.709556117621419e-05
0.1,0.77,0.0,1.0680682572885e-05,1.0675465616294216e-05,0.00010879528223697356
0.1,0.78,0.0,1.024358379655e-05,1.0238555195254441e-05,0.00010486728951780907
0.1,0.79,0.0,9.8025287557144e-06,9.798526198830516e-06,8.346998834932663e-05
0.1,0.8,0.0,9.3614737148787e-06,9.355467583130875e-06,0.00012525287249111791
0.1,0.81,0.0,8.9130634965468e-06,8.9094689336953e-06,7.496161279900753e-05
0.1,0.82,0.0,8.4646532782148e-06,8.460620446886883e-06,8.410133665094494e-05
0.1,0.83,0.0,8.0128489305988e-06,8.009012911121522e-06,7.999698951574926e-05
0.1,0.84,0.0,7.5576504536989e-06,7.554737687940179e-06,6.074330259331683e-05
0.1,0.85,0.0,7.1024519767989e-06,7.0978866929288985e-06,9.520519070565405e-05
0.1,0.86,0.0,6.6410409870712e-06,6.638552376492034e-06,5.189789978635615e-05
0.1,0.87,0.0,6.1796299973435e-06,6.176827704483935e-06,5.843948234218423e-05
0.1,0.88,0.0,5.7154046602153e-06,5.712806138704659e-06,5.4190000669813246e-05
0.1,0.89,0.0,5.2483649756866e-06,5.2465816172652395e-06,3.719045374545478e-05
0.1,0.9,0.0,4.7813252911579e-06,4.778248534828291e-06,6.4163189290394e-05
0.1,0.91,0.0,4.3092480347747e-06,4.307901722729571e-06,2.8076215774474823e-05
0.1,0.92,0.0,3.8371707783916e-06,3.835636428986439e-06,3.1997578220131517e-05
0.1,0.93,0.0,3.3628735597437e-06,3.361548298199173e-06,2.7637225126488547e-05
0.1,0.94,0.0,2.8863563788312e-06,2.8857333513510263e-06,1.2992718909460061e-05
0.1,0.95,0.0,2.4098391979187e-06,2.408287965513164e-06,3.2349659123779975e-05
0.1,0.96,0.0,1.9294854731104e-06,1.929308853460619e-06,3.683255613141406e-06
0.1,0.97,0.0,1.4491317483022e-06,1.4488930432054263e-06,4.977995872300317e-06
0.1,0.98,0.0,9.6716390871841e-07,9.671378574531152e-07,5.432774283330618e-07
0.1,0.99,0.0,4.8358195435921e-07,4.841408929889334e-07,-1.1656199340688431e-05
0.1,1.0,0.0,2.6844191001141e-21,0.0,5.59813233169628e-17
