gamma,p,shear,shear_linear,pore,pore_linear,ln_h,ln_h_linear,J,Jbar,solid_fraction
-0.6,0.5,0.008373085993822138,0.009478015766359482,0.20492035672836528,0.22327677614804975,0.007442743105619709,0.008424902903430675,1.0,0.8834218258573718,0.7950796432716347
-0.585,0.5,0.008377902754330036,0.009478015766359482,0.20446297360472776,0.2227080952020682,0.007447024670515723,0.008424902903430675,1.0,0.8839300293280803,0.7955370263952722
-0.57,0.5,0.008382722036630375,0.009478015766359482,0.20400535102029804,0.22213941425608663,0.007451308477004814,0.008424902903430675,1.0,0.8844384988663355,0.795994648979702
-0.5549999999999999,0.5,0.008387543841782419,0.009478015766359482,0.2035474888744816,0.22157073331010504,0.007455594526028786,0.00842490290343062,1.0,0.8849472345839093,0.7964525111255184
-0.54,0.5,0.008392368170845876,0.009478015766359482,0.20308938706666602,0.22100205236412349,0.007459882818529717,0.008424902903430675,1.0,0.8854562365925933,0.796910612933334
-0.525,0.5,0.008397195024880455,0.009478015766359482,0.20263104549622168,0.2204333714181419,0.007464173355449244,0.008424902903430675,1.0,0.8859655050041981,0.7973689545037783
-0.51,0.5,0.008402024404945974,0.009478015766359482,0.2021724640625011,0.21986469047216034,0.0074684661377297235,0.008424902903430675,1.0,0.8864750399305543,0.7978275359374989
-0.495,0.5,0.008406856312102529,0.009478015766359482,0.20171364266483938,0.21929600952617878,0.007472761166313402,0.008424902903430675,1.0,0.8869848414835118,0.7982863573351606
-0.48,0.5,0.00841169074741066,0.009478015766359482,0.20125458120255413,0.21872732858019722,0.007477058442142859,0.00842490290343062,1.0,0.8874949097749398,0.7987454187974459
-0.46499999999999997,0.5,0.008416527711930577,0.009478015766359482,0.20079527957494547,0.21815864763421564,0.007481357966160562,0.008424902903430675,1.0,0.8880052449167273,0.7992047204250545
-0.44999999999999996,0.5,0.008421367206723263,0.009478015766359482,0.20033573768129587,0.21758996668823405,0.007485659739309536,0.00842490290343062,1.0,0.8885158470207823,0.7996642623187041
-0.435,0.5,0.008426209232849258,0.009478015766359482,0.19987595542087078,0.2170212857422525,0.0074899637625326365,0.008424902903430675,1.0,0.8890267161990325,0.8001240445791292
-0.42,0.5,0.008431053791369714,0.009478015766359482,0.19941593269291746,0.21645260479627093,0.00749427003677311,0.008424902903430675,1.0,0.889537852563425,0.8005840673070825
-0.40499999999999997,0.5,0.008435900883345948,0.009478015766359482,0.19895566939666676,0.21588392385028937,0.0074985785629741175,0.008424902903430648,1.0,0.8900492562259258,0.8010443306033332
-0.39,0.5,0.008440750509839112,0.009478015766359482,0.1984951654313315,0.2153152429043078,0.007502889342079211,0.008424902903430675,1.0,0.8905609272985205,0.8015048345686685
-0.375,0.5,0.008445602671911079,0.009478015766359482,0.1980344206961071,0.21474656195832623,0.007507202375031996,0.008424902903430675,1.0,0.8910728658932143,0.8019655793038929
-0.36,0.5,0.008450457370623277,0.009478015766359482,0.1975734350901719,0.21417788101234464,0.007511517662776329,0.008424902903430648,1.0,0.8915850721220312,0.8024265649098281
-0.345,0.5,0.008455314607038078,0.009478015766359482,0.19711220851268696,0.21360920006636308,0.0075158352062561495,0.008424902903430648,1.0,0.8920975460970145,0.802887791487313
-0.32999999999999996,0.5,0.008460174382217356,0.009478015766359482,0.19665074086279577,0.21304051912038152,0.007520155006415452,0.008424902903430648,1.0,0.8926102879302269,0.8033492591372042
-0.315,0.5,0.008465036697223371,0.009478015766359482,0.1961890320396248,0.21247183817439996,0.0075244770641985925,0.008424902903430648,1.0,0.8931232977337502,0.8038109679603752
-0.3,0.5,0.008469901553118886,0.009478015766359482,0.19572708194228305,0.21190315722841838,0.007528801380550121,0.008424902903430648,1.0,0.8936365756196855,0.804272918057717
-0.285,0.5,0.008474768950966327,0.009478015766359482,0.19526489046986262,0.21133447628243682,0.007533127956414504,0.008424902903430675,1.0,0.8941501217001526,0.8047351095301374
-0.27,0.5,0.00847963889182854,0.009478015766359454,0.1948024575214381,0.21076579533645523,0.0075374567927364855,0.008424902903430648,1.0,0.894663936087291,0.8051975424785619
-0.255,0.5,0.008484511376768755,0.009478015766359482,0.19433978299606702,0.21019711439047367,0.007541787890461116,0.008424902903430648,1.0,0.8951780188932589,0.805660217003933
-0.24,0.5,0.008489386406850014,0.009478015766359482,0.1938768667927896,0.2096284334444921,0.007546121250533361,0.00842490290343062,1.0,0.8956923702302337,0.8061231332072104
-0.22499999999999998,0.5,0.00849426398313588,0.009478015766359482,0.19341370881062914,0.20905975249851055,0.00755045687389852,0.008424902903430648,1.0,0.8962069902104121,0.8065862911893709
-0.20999999999999996,0.5,0.008499144106689782,0.009478015766359482,0.19295030894859166,0.20849107155252897,0.007554794761502059,0.008424902903430648,1.0,0.8967218789460092,0.8070496910514083
-0.195,0.5,0.008504026778575507,0.009478015766359482,0.19248666710566642,0.20792239060654738,0.007559134914289348,0.008424902903430634,1.0,0.8972370365492595,0.8075133328943336
-0.18,0.5,0.008508911999857066,0.009478015766359482,0.192022783180825,0.20735370966056582,0.007563477333206309,0.008424902903430634,1.0,0.8977524631324166,0.807977216819175
-0.16499999999999998,0.5,0.00851379977159858,0.009478015766359482,0.19155865707302244,0.20678502871458426,0.007567822019198742,0.008424902903430662,1.0,0.8982681588077528,0.8084413429269776
-0.15000000000000002,0.5,0.008518690094864265,0.009478015766359482,0.1910942886811966,0.2062163477686027,0.007572168973212681,0.008424902903430648,1.0,0.8987841236875593,0.8089057113188034
-0.135,0.5,0.008523582970718646,0.009478015766359468,0.1906296779042681,0.20564766682262112,0.007576518196194371,0.008424902903430648,1.0,0.8993003578841465,0.8093703220957319
-0.12,0.5,0.0085284784002264,0.009478015766359482,0.19016482464114104,0.20507898587663956,0.007580869689090136,0.008424902903430634,1.0,0.8998168615098433,0.809835175358859
-0.10499999999999998,0.5,0.008533376384452313,0.009478015766359482,0.18969972879070218,0.20451030493065797,0.007585223452846512,0.008424902903430648,1.0,0.9003336346769976,0.8103002712092978
-0.08999999999999997,0.5,0.008538276924461422,0.009478015766359482,0.18923439025182154,0.2039416239846764,0.007589579488410159,0.008424902903430648,1.0,0.9008506774979761,0.8107656097481785
-0.07499999999999996,0.5,0.008543180021318944,0.009478015766359482,0.18876880892335202,0.20337294303869485,0.0075939377967279426,0.008424902903430648,1.0,0.9013679900851644,0.811231191076648
-0.05999999999999994,0.5,0.008548085676090195,0.009478015766359482,0.18830298470412976,0.2028042620927133,0.007598298378746843,0.008424902903430648,1.0,0.9018855725509669,0.8116970152958702
-0.04500000000000004,0.5,0.008552993889840765,0.009478015766359482,0.18783691749297415,0.2022355811467317,0.007602661235414022,0.008424902903430648,1.0,0.9024034250078065,0.8121630825070258
-0.030000000000000027,0.5,0.008557904663636384,0.00947801576635948,0.1873706071886876,0.20166690020075015,0.007607026367676788,0.008424902903430644,1.0,0.9029215475681249,0.8126293928113124
-0.015000000000000013,0.5,0.00856281799854292,0.009478015766359479,0.18690405369005558,0.20109821925476856,0.007611393776482598,0.008424902903430644,1.0,0.9034399403443827,0.8130959463099444
0.0,0.5,0.008567733895626472,0.00947801576635948,0.1864372568958469,0.200529538308787,0.007615763462779089,0.008424902903430648,1.0,0.903958603449059,0.8135627431041531
0.015000000000000013,0.5,0.008572652355953291,0.009478015766359482,0.18597021670481362,0.19996085736280544,0.007620135427514038,0.008424902903430646,1.0,0.9044775369946515,0.8140297832951864
0.030000000000000027,0.5,0.008577573380589815,0.009478015766359482,0.18550293301569099,0.19939217641682386,0.0076245096716353895,0.008424902903430646,1.0,0.9049967410936767,0.814497066984309
0.04500000000000004,0.5,0.008582496970602656,0.009478015766359482,0.18503540572719734,0.1988234954708423,0.007628886196091242,0.008424902903430644,1.0,0.9055162158586696,0.8149645942728027
0.05999999999999994,0.5,0.008587423127058569,0.009478015766359482,0.18456763473803472,0.1982548145248607,0.0076332650018298386,0.008424902903430648,1.0,0.9060359614021837,0.8154323652619653
0.07499999999999996,0.5,0.008592351851024534,0.009478015766359482,0.18409961994688795,0.19768613357887915,0.007637646089799589,0.008424902903430648,1.0,0.9065559778367912,0.815900380053112
0.08999999999999997,0.5,0.008597283143567697,0.009478015766359482,0.18363136125242563,0.1971174526328976,0.007642029460949072,0.008424902903430648,1.0,0.9070762652750827,0.8163686387475744
0.10499999999999998,0.5,0.00860221700575535,0.009478015766359482,0.1831628585532994,0.19654877168691604,0.007646415116226983,0.00842490290343064,1.0,0.9075968238296673,0.8168371414467006
0.12,0.5,0.008607153438655035,0.009478015766359482,0.18269411174814465,0.19598009074093445,0.0076508030565822505,0.008424902903430648,1.0,0.9081176536131726,0.8173058882518554
0.135,0.5,0.008612092443334343,0.009478015766359482,0.18222512073557973,0.1954114097949529,0.0076551932829638375,0.008424902903430648,1.0,0.9086387547382447,0.8177748792644203
0.15000000000000002,0.5,0.008617034020861128,0.009478015766359468,0.18175588541420662,0.1948427288489713,0.007659585796320992,0.008424902903430662,1.0,0.9091601273175481,0.8182441145857934
0.16500000000000004,0.5,0.00862197817230334,0.009478015766359482,0.18128640568261079,0.19427404790298974,0.007663980597602982,0.008424902903430662,1.0,0.9096817714637657,0.8187135943173892
0.18000000000000005,0.5,0.008626924898729377,0.009478015766359482,0.18081668143936125,0.19370536695700818,0.007668377687759423,0.008424902903430648,1.0,0.9102036872895986,0.8191833185606388
0.19499999999999995,0.5,0.00863187420120734,0.009478015766359482,0.18034671258301027,0.19313668601102663,0.007672777067739847,0.008424902903430634,1.0,0.9107258749077664,0.8196532874169897
0.20999999999999996,0.5,0.008636826080805876,0.009478015766359482,0.17987649901209368,0.19256800506504504,0.007677178738494106,0.00842490290343062,1.0,0.9112483344310071,0.8201235009879063
0.22499999999999998,0.5,0.008641780538593713,0.009478015766359482,0.17940604062513088,0.19199932411906345,0.007681582700972189,0.00842490290343062,1.0,0.9117710659720768,0.8205939593748691
0.24,0.5,0.008646737575639718,0.009478015766359482,0.17893533732062494,0.1914306431730819,0.0076859889561241845,0.008424902903430675,1.0,0.91229406964375,0.8210646626793751
0.255,0.5,0.008651697193012897,0.009478015766359482,0.17846438899706252,0.19086196222710033,0.007690397504900359,0.008424902903430675,1.0,0.9128173455588194,0.8215356110029375
0.27,0.5,0.008656659391782506,0.009478015766359482,0.1779931955529136,0.19029328128111878,0.00769480834825112,0.008424902903430648,1.0,0.913340893830096,0.8220068044470864
0.28500000000000003,0.5,0.00866162417301794,0.009478015766359482,0.17752175688663208,0.1897246003351372,0.007699221487127039,0.008424902903430648,1.0,0.9138647145704087,0.8224782431133679
0.29999999999999993,0.5,0.008666591537788704,0.009478015766359454,0.17705007289665542,0.18915591938915563,0.007703636922478885,0.008424902903430648,1.0,0.914388807892605,0.8229499271033446
0.31499999999999995,0.5,0.008671561487164636,0.009478015766359482,0.17657814348140477,0.18858723844317404,0.007708054655257507,0.008424902903430648,1.0,0.9149131739095503,0.8234218565185952
0.32999999999999996,0.5,0.008676534022215687,0.009478015766359482,0.17610596853928473,0.18801855749719248,0.00771247468641395,0.008424902903430648,1.0,0.915437812734128,0.8238940314607153
0.345,0.5,0.00868150914401189,0.009478015766359482,0.17563354796868424,0.18744987655121093,0.007716897016899371,0.008424902903430675,1.0,0.9159627244792398,0.8243664520313158
0.36,0.5,0.008686486853623443,0.009478015766359482,0.17516088166797505,0.18688119560522937,0.0077213216476652025,0.008424902903430675,1.0,0.9164879092578054,0.824839118332025
0.375,0.5,0.008691467152120602,0.009478015766359482,0.1746879695355137,0.18631251465924778,0.007725748579662767,0.008424902903430648,1.0,0.9170133671827625,0.8253120304644863
0.39,0.5,0.008696450040574288,0.009478015766359482,0.1742148114696398,0.1857438337132662,0.00773017781384383,0.008424902903430648,1.0,0.9175390983670668,0.8257851885303602
0.4049999999999999,0.5,0.0087014355200552,0.009478015766359482,0.17374140736867705,0.18517515276728463,0.007734609351160104,0.008424902903430675,1.0,0.9180651029236921,0.826258592631323
0.42000000000000004,0.5,0.00870642359163426,0.009478015766359427,0.1732677571309329,0.18460647182130308,0.007739043192563744,0.00842490290343062,1.0,0.9185913809656301,0.8267322428690671
0.43499999999999994,0.5,0.008711414256382388,0.009478015766359482,0.1727938606546987,0.18403779087532152,0.007743479339006543,0.008424902903430675,1.0,0.9191179326058903,0.8272061393453013
0.45000000000000007,0.5,0.008716407515371116,0.009478015766359482,0.17231971783824973,0.18346910992933993,0.007747917791440961,0.008424902903430675,1.0,0.9196447579575002,0.8276802821617503
0.46499999999999997,0.5,0.008721403369671699,0.009478015766359482,0.17184532857984502,0.18290042898335837,0.007752358550819238,0.008424902903430675,1.0,0.9201718571335055,0.828154671420155
0.4800000000000001,0.5,0.008726401820355778,0.009478015766359482,0.17137069277772776,0.18233174803737678,0.007756801618094056,0.008424902903430675,1.0,0.9206992302469691,0.8286293072222722
0.495,0.5,0.00873140286849522,0.009478015766359482,0.1708958103301248,0.18176306709139523,0.007761246994217985,0.00842490290343062,1.0,0.9212268774109724,0.8291041896698752
0.5099999999999999,0.5,0.008736406515162054,0.009478015766359427,0.17042068113524733,0.18119438614541367,0.007765694680144042,0.008424902903430675,1.0,0.9217547987386141,0.8295793188647527
0.525,0.5,0.008741412761428313,0.009478015766359482,0.16994530509129013,0.1806257051994321,0.007770144676825186,0.00842490290343062,1.0,0.922282994343011,0.8300546949087099
0.5399999999999999,0.5,0.00874642160836614,0.009478015766359482,0.16946968209643232,0.18005702425345052,0.0077745969852143215,0.008424902903430675,1.0,0.9228114643372974,0.8305303179035677
0.555,0.5,0.008751433057048286,0.009478015766359482,0.1689938120488369,0.17948834330746893,0.007779051606265075,0.008424902903430675,1.0,0.9233402088346256,0.8310061879511631
0.57,0.5,0.00875644710854706,0.009478015766359482,0.16851769484665102,0.17891966236148737,0.007783508540930684,0.00842490290343062,1.0,0.9238692279481655,0.831482305153349
0.5850000000000001,0.5,0.008761463763935606,0.009478015766359482,0.16804133038800584,0.17835098141550582,0.007787967790164885,0.00842490290343062,1.0,0.9243985217911046,0.8319586696119942
0.6,0.5,0.008766483024286398,0.009478015766359538,0.16756471857101674,0.17778230046952426,0.007792429354921249,0.00842490290343062,1.0,0.924928090476648,0.8324352814289833
